page_ptr_id,date,body,main_image_id,featured,image_carousel,vimeo_link,body_de,body_en,body_es,search_description_de,search_description_en,search_description_es,seo_title_de,seo_title_en,seo_title_es,slug_de,slug_en,slug_es,title_de,title_en,title_es,url_path_de,url_path_en,url_path_es,main_image_caption,main_image_caption_de,main_image_caption_en,main_image_caption_es,gefoerdert_durch_img_id,active,urls
667,2016-05-30,"Das Projekt »Matter of Typography« veranstaltet am 9. und 10. Juni 2016 eine Konferenz zum Thema »Transformationen des Buchdrucks«.Programm und Anmeldung unter hu.berlin/buchdruckTagung des Projekts Matter of Typography in Kooperation mit derBuchdruckerei Offizin Haag-Drugulin und dem Verein für die Schwarze Kunst9./10. Juni 2016Der Buchdruck und seine Techniken des Stempelschneidens, Schriftgießens und Bleisetzens haben unsere Kultur entscheidend verändert – Aufklärung und Demokratisierung sind ohne kostengünstige Reproduktionen kaum vorstellbar. Doch welche Relevanz hat der Buchdruck in einer Zeit, in der mit anderen Techniken schneller, kostengünstiger und dabei qualitativ hochwertig gedruckt werden kann? Haben im Buchdruck hergestellte Druckerzeugnisse spezifische Charakteristika, die es rechtfertigen nicht nur die materiellen Artefakte, sondern auch das implizite Wissen des Handwerks bewahren zu wollen?Die Konferenz bringt vielfältige Perspektiven aus wissenschaftlichen und praktischen Bereichen zusammen. Der Buchdruck wird dabei nicht als anachronistische Kulturtechnik verstanden, die im Zuge der digitalen Revolution als »veraltet« im historischen Fundus verschwindet. Vielmehr wird der Blick auf seine Transformationen gelenkt und danach gefragt, inwiefern und weshalb die Praktiken und die Ästhetik der Buchdrucktechniken bis heute die Gestaltungspraxis sowohl in analogen wie digitalen Anwendungen prägen.Veranstaltungsort:Exzellenzcluster Bild Wissen Gestaltung | Sophienstraße 22a | 10117 Berlin | ZentrallaborKontakt: bwg.publicrelations@hu-berlin.de",683,t,"[{\&quot;type\&quot;: \&quot;image_carousel\&quot;, \&quot;value\&quot;: [{\&quot;image\&quot;: 684}, {\&quot;image\&quot;: 685}, {\&quot;image\&quot;: 686}, {\&quot;image\&quot;: 687}, {\&quot;image\&quot;: 688}, {\&quot;image\&quot;: 689}]}]",https://vimeo.com/165867058,"Das Projekt »Matter of Typography« veranstaltet am 9. und 10. Juni 2016 eine Konferenz zum Thema »Transformationen des Buchdrucks«.Programm und Anmeldung unter hu.berlin/buchdruckTagung des Projekts Matter of Typography in Kooperation mit derBuchdruckerei Offizin Haag-Drugulin und dem Verein für die Schwarze Kunst9./10. Juni 2016Der Buchdruck und seine Techniken des Stempelschneidens, Schriftgießens und Bleisetzens haben unsere Kultur entscheidend verändert – Aufklärung und Demokratisierung sind ohne kostengünstige Reproduktionen kaum vorstellbar. Doch welche Relevanz hat der Buchdruck in einer Zeit, in der mit anderen Techniken schneller, kostengünstiger und dabei qualitativ hochwertig gedruckt werden kann? Haben im Buchdruck hergestellte Druckerzeugnisse spezifische Charakteristika, die es rechtfertigen nicht nur die materiellen Artefakte, sondern auch das implizite Wissen des Handwerks bewahren zu wollen?Die Konferenz bringt vielfältige Perspektiven aus wissenschaftlichen und praktischen Bereichen zusammen. Der Buchdruck wird dabei nicht als anachronistische Kulturtechnik verstanden, die im Zuge der digitalen Revolution als »veraltet« im historischen Fundus verschwindet. Vielmehr wird der Blick auf seine Transformationen gelenkt und danach gefragt, inwiefern und weshalb die Praktiken und die Ästhetik der Buchdrucktechniken bis heute die Gestaltungspraxis sowohl in analogen wie digitalen Anwendungen prägen.Veranstaltungsort:Exzellenzcluster Bild Wissen Gestaltung | Sophienstraße 22a | 10117 Berlin | ZentrallaborKontakt: bwg.publicrelations@hu-berlin.de",,,,,,,,,transformationen-des-buchdrucks-im-gesprach-mit-e-schumachergebler,,,"Transformationen des Buchdrucks: Im Gespräch mit E. SchumacherGebler",,,/home/transformationen-des-buchdrucks-im-gesprach-mit-e-schumachergebler/,,,,,,,,1,"https://hu.berlin/buchdruck https://vimeo.com/165867058 https://hu.berlin/buchdruck https://hu.berlin/buchdruck https://vimeo.com/165867058 https://hu.berlin/buchdruck"
32,2015-11-21,,678,f,[],https://vimeo.com/147099964,,,,,,,,,,9-experimentalzone-praktiken,,,"#9 Experimentalzone: Praktiken",,,/home/9-experimentalzone-praktiken/,,,,,,,,1,"https://vimeo.com/147099964 https://vimeo.com/147099964"
34,2015-12-15,"Die Jahrestagung des Exzellenzclusters Bild Wissen Gestaltung fand am 20. und 21. November 2015 in der Berlin-Brandenburgischen Akademie der Wissenschaften statt.",666,f,[],https://vimeo.com/148886659,"Die Jahrestagung des Exzellenzclusters Bild Wissen Gestaltung fand am 20. und 21. November 2015 in der Berlin-Brandenburgischen Akademie der Wissenschaften statt.",,,,,,,,,11-jahrestagung-2015,,,"#11 Jahrestagung 2015",,,/home/11-jahrestagung-2015/,,,,,,,,1,"https://vimeo.com/148886659 https://vimeo.com/148886659"
1369,2016-06-30,"Pablo Fernandez Vallejo talks about the Master's program »Open Design« in Buenos Aires and Berlin.",1229,t,[],https://vimeo.com/172397441,"Pablo Fernandez Vallejo talks about the Master's program »Open Design« in Buenos Aires and Berlin.","Pablo Fernandez Vallejo talks about the Master's program »Open Design« in Buenos Aires and Berlin.","Pablo Fernandez Vallejo talks about the Master's program »Open Design« in Buenos Aires and Berlin.",,,,,,,master-open-design-conversation-pablo-fernandez-vallejo,,,"Master OPEN DESIGN: In Conversation with Pablo Fernandez Vallejo","Master OPEN DESIGN: In Conversation with Pablo Fernandez Vallejo","Master OPEN DESIGN: In Conversation with Pablo Fernandez Vallejo",/home/master-open-design-conversation-pablo-fernandez-vallejo/,,,,,,,,1,"https://vimeo.com/172397441 https://vimeo.com/172397441"
5,2015-09-15,"In diesem Video geht es um die Projekte des Interdisziplinären Labors, die sich im Rahmen der Langen Nacht der Wissenschaft 2015 präsentiert haben.",672,f,[],https://player.vimeo.com/video/135031397,"In diesem Video geht es um die Projekte des Interdisziplinären Labors, die sich im Rahmen der Langen Nacht der Wissenschaft 2015 präsentiert haben.",,,,,,,,,5-lange-nacht-der-wissenschaft-2015,,,"#5 Lange Nacht der Wissenschaft 2015",,,/home/5-lange-nacht-der-wissenschaft-2015/,,,,,,,,1,"https://player.vimeo.com/video/135031397 https://player.vimeo.com/video/135031397"
1368,2016-06-30,"Filipi Dias talks about the Master's program »Open Design« in Buenos Aires and Berlin.",837,f,[],https://vimeo.com/170916683,"Filipi Dias talks about the Master's program »Open Design« in Buenos Aires and Berlin.","Filipi Dias talks about the Master's program »Open Design« in Buenos Aires and Berlin.","Filipi Dias talks about the Master's program »Open Design« in Buenos Aires and Berlin.",,,,,,,master-open-design-conversation-filipi-dias,,,"Master OPEN DESIGN: In Conversation with Filipi Dias","Master OPEN DESIGN: In Conversation with Filipi Dias","Master OPEN DESIGN: In Conversation with Filipi Dias",/home/master-open-design-conversation-filipi-dias/,,,,,,,,1,"https://vimeo.com/170916683 https://vimeo.com/170916683"
26,2015-07-01,"Im Projekt »Architekturen des Wissens« setzt sich Christian Stein mit verschiedenen Szenarien der Virtualität auseinander. Wird die Außenwelt im Falle der »Virtual Reality» für den Träger der Brille vollkommen unsichtbar, bleibt diese in der »Augmented Reality« erhalten. Er sieht jedoch zusätzlich virtuelle Objekte, die zu existieren scheinen, jedoch nur eingeblendet sind.",669,f,[],https://vimeo.com/134829396,"Im Projekt »Architekturen des Wissens« setzt sich Christian Stein mit verschiedenen Szenarien der Virtualität auseinander. Wird die Außenwelt im Falle der »Virtual Reality» für den Träger der Brille vollkommen unsichtbar, bleibt diese in der »Augmented Reality« erhalten. Er sieht jedoch zusätzlich virtuelle Objekte, die zu existieren scheinen, jedoch nur eingeblendet sind.",,,,,,,,,3-augmented-reality,,,"#3 Augmented Reality",,,/home/3-augmented-reality/,,,,,,,,1,"https://vimeo.com/134829396 https://vimeo.com/134829396"
25,2015-09-01,"In der Experimentalzone wird das Projekt »Architekturen des Wissens« Zusammenhänge zwischen Raum und interdisziplinären Wissensprozessen untersuchen. Ziel ist es, Räume der interdisziplinären Zusammenarbeit interaktiv zu gestalten, zu testen, zu beobachten und zu analysieren. In diesem klar abgetrennten Bereich können neue Formen physischer, virtueller, organisatorischer und sozialer Raumkonzepte entwickelt und erprobt werden.",671,f,[],https://vimeo.com/134829785,"In der Experimentalzone wird das Projekt »Architekturen des Wissens« Zusammenhänge zwischen Raum und interdisziplinären Wissensprozessen untersuchen. Ziel ist es, Räume der interdisziplinären Zusammenarbeit interaktiv zu gestalten, zu testen, zu beobachten und zu analysieren. In diesem klar abgetrennten Bereich können neue Formen physischer, virtueller, organisatorischer und sozialer Raumkonzepte entwickelt und erprobt werden.",,,,,,,,,4-experimentalzone,,,"#4 Experimentalzone",,,/home/4-experimentalzone/,,,,,,,,1,"https://vimeo.com/134829785 https://vimeo.com/134829785"
1445,2016-01-10,"Das Interdisziplinäres Labor »Bild Wissen Gestaltung« lud vom 15. bis zum 21. September 2013 zur KOSMOS Summer University »Modern Walking. Innovative Urban Mobility« ein. In Zusammenarbeit mit Experten aus São Paulo (Universidade de São Paulo) und Bogotá (Universidad Nacional de Colombia) wurde nach experimentellen Lösungen für Mobilität im urbanen Raum gesucht. Nachdem das Auto im 21. Jahrhundert mehr und mehr an seine technischen Grenzen zu gelangen scheint, gilt es nunmehr da Zufußgehen als innovative Form der Fortbewegung wie des Transports zu analysieren und als Modell für die Zukunft zu entwickeln.",902,f,[],https://vimeo.com/173746465,"Das Interdisziplinäres Labor »Bild Wissen Gestaltung« lud vom 15. bis zum 21. September 2013 zur KOSMOS Summer University »Modern Walking. Innovative Urban Mobility« ein. In Zusammenarbeit mit Experten aus São Paulo (Universidade de São Paulo) und Bogotá (Universidad Nacional de Colombia) wurde nach experimentellen Lösungen für Mobilität im urbanen Raum gesucht. Nachdem das Auto im 21. Jahrhundert mehr und mehr an seine technischen Grenzen zu gelangen scheint, gilt es nunmehr da Zufußgehen als innovative Form der Fortbewegung wie des Transports zu analysieren und als Modell für die Zukunft zu entwickeln.","The Interdisciplinary Laboratory Image Knowledge Gestaltung invited international guests to the KOSMOS Summer University »Modern Walking. Innovative Urban Mobility« from 15 to 21 September 2013. In collaboration with experts from São Paulo (Universidade de São Paulo) and Bogotá (Universidad Nacional de Colombia), the participants of the summer university sought to find experimental mobility solutions for urban spaces. As the car increasingly seems to have reached its technical limits in the 21st century, now is the time as it ever was to analyse walking as an innovative form of mobility and transport, and to develop it as a model of the future.","El Laboratorio Interdisciplinario Imagen Conocimiento Gestaltung contó con la participación de una variedad de invitados internacionales en la KOSMOS Summer University »Modern Walking. Innovative Urban Mobility« del 15 al 21 de septiembre de 2013. En cooperación con expertos de São Paulo (Universidade de São Paulo) y Bogotá (Universidad Nacional de Colombia) se buscaron soluciones experimentales para la movilidad en espacios urbanos. En el siglo XXI, el automóvil parece toparse cada vez más con sus limitaciones técnicas, ante este escenario cobra importancia el análisis del ir a pie como innovadora forma de desplazamiento y transporte, desarrollándolo como modelo para el futuro.",,,,,,,kosmos-summer-university-2013,,,"Kosmos Summer University 2013","Kosmos Summer University 2013","Kosmos Summer University 2013",/home/kosmos-summer-university-2013/,,,,,,,,1,"https://vimeo.com/173746465 https://vimeo.com/173746465"
1367,2016-06-30,"Die Studentin der ersten Gruppe von Studierenden des Masters OPEN DESIGN spricht über ihre Erfahrungen und Projekte im interdisziplinären Studiengang.",836,t,[],https://vimeo.com/170029108,"Die Studentin der ersten Gruppe von Studierenden des Masters OPEN DESIGN spricht über ihre Erfahrungen und Projekte im interdisziplinären Studiengang.",,,,,,,,,master-open-design-im-gesprach-mit-angelika-weissheim,,,"Master OPEN DESIGN: Im Gespräch mit Angelika Weissheim","Master OPEN DESIGN: In Conversation with Angelika Weissheim","Master OPEN DESIGN: En Conversación con Angelika Weissheim",/home/master-open-design-im-gesprach-mit-angelika-weissheim/,,,"Angelika Weissheim im Gespräch","Angelika Weissheim im Gespräch",,,,1,"https://vimeo.com/170029108 https://vimeo.com/170029108"
29,2015-05-01,"The Humboldt-Universität zu Berlin (HU) in cooperation with the Universidad de Buenos Aires (UBA) are organizing the non-consecutive, interdisciplinary international master degree program Open Design.he program aims for graduates to acquire interdisciplinary competencies in a broad spectrum of scientific methodologies that encompass cultural studies and social sciences through analysis and historicizing, scientific experimenting from the natural sciences, and creative synthesis from the design disciplines; they will be familiar with praxis-oriented and creative problem-solving strategies. The program will prepare students in specific social and intercultural competencies, including critical self-reflection in collaboration with the interdisciplinary team, linguistic competencies in a trilingual degree program (English, German, Spanish), and intercultural competency in communications between internationally differentiated cultures of knowledge.",691,f,[],https://vimeo.com/134834409,,"The Humboldt-Universität zu Berlin (HU) in cooperation with the Universidad de Buenos Aires (UBA) are organizing the non-consecutive, interdisciplinary international master degree program Open Design.he program aims for graduates to acquire interdisciplinary competencies in a broad spectrum of scientific methodologies that encompass cultural studies and social sciences through analysis and historicizing, scientific experimenting from the natural sciences, and creative synthesis from the design disciplines; they will be familiar with praxis-oriented and creative problem-solving strategies. The program will prepare students in specific social and intercultural competencies, including critical self-reflection in collaboration with the interdisciplinary team, linguistic competencies in a trilingual degree program (English, German, Spanish), and intercultural competency in communications between internationally differentiated cultures of knowledge.",,,,,,,,1-master-open-design,,,"#1 Master »Open Design«","#1 Master »Open Design«",,/home/1-master-open-design/,,,,,,,,1,"https://vimeo.com/134834409 https://vimeo.com/134834409"
30,2015-11-15,"Science meets Comic – so lautete der Titel eines Workshops der Forschergruppe »Die Anthropozän-Küche«. Ziel war die Fertigstellung der letzten Kapitel eines Comics zur zukünftigen Ernährung der Welt durch zehn Zeichnerinnen und Zeichner aus zehn Ländern der Welt. In einer Reise durch die Küchen und Kochgewohnheiten der Welt unterbreitet der Comic Vorschläge und Ideen, wie die Weltbevölkerung im Jahr 2050 zu ernähren sein könnten. Weitere Informationen zum Forschungsprojekt: hu.berlin/75534",677,f,[],https://vimeo.com/145612501,"Science meets Comic – so lautete der Titel eines Workshops der Forschergruppe »Die Anthropozän-Küche«. Ziel war die Fertigstellung der letzten Kapitel eines Comics zur zukünftigen Ernährung der Welt durch zehn Zeichnerinnen und Zeichner aus zehn Ländern der Welt. In einer Reise durch die Küchen und Kochgewohnheiten der Welt unterbreitet der Comic Vorschläge und Ideen, wie die Weltbevölkerung im Jahr 2050 zu ernähren sein könnten. Weitere Informationen zum Forschungsprojekt: hu.berlin/75534",,,,,,,,,8-science-meets-comic,,,"#8 Science meets Comic","#8 Science meets Comic",,/home/8-science-meets-comic/,,,,,,,,1,"https://hu.berlin/75534 https://vimeo.com/145612501 https://hu.berlin/75534 https://hu.berlin/75534 https://vimeo.com/145612501 https://hu.berlin/75534"
27,2015-10-01,"Was sind die Möglichkeiten und Grenzen der Kulturtechnik des Spiels? Welche Gemeinsamkeitenbestehen zwischen Spiel und Experiment? Welche Faktoren beeinflussen die Topographie des Spielfeldes?Diese Fragen werden aus theoretischer Perspektive von Wissenschaftler_innen desInterdisziplinären Labors mit Praktiker_innen der Gamesbranche im gamelab.berlin diskutiert.Weitere Infos: gamelab.berlin/de/home_de/",674,f,[],https://vimeo.com/140324698,"Was sind die Möglichkeiten und Grenzen der Kulturtechnik des Spiels? Welche Gemeinsamkeitenbestehen zwischen Spiel und Experiment? Welche Faktoren beeinflussen die Topographie des Spielfeldes?Diese Fragen werden aus theoretischer Perspektive von Wissenschaftler_innen desInterdisziplinären Labors mit Praktiker_innen der Gamesbranche im gamelab.berlin diskutiert.Weitere Infos: gamelab.berlin/de/home_de/",,,,,,,,,6-gamelabberlin,,,"#6 gamelab.berlin",,,/home/6-gamelabberlin/,,,,,,,,1,"http://gamelab.berlin/de/home_de/ https://vimeo.com/140324698 http://gamelab.berlin/de/home_de/ http://gamelab.berlin/de/home_de/ https://vimeo.com/140324698 http://gamelab.berlin/de/home_de/"
2168,2016-08-01,"Auf der diesjährigen Woche der Umwelt im Schloss Bellevue stellte die Anthropozän-Küche ihren Wissenschaftscomic »Die Anthropozän-Küche. Matooke, Bienenstich und eine Prise Phosphor - In zehn Speisen um die Welt« vor.OmeU",1094,t,[],https://vimeo.com/177051897,"Auf der diesjährigen Woche der Umwelt im Schloss Bellevue stellte die Anthropozän-Küche ihren Wissenschaftscomic »Die Anthropozän-Küche. Matooke, Bienenstich und eine Prise Phosphor - In zehn Speisen um die Welt« vor.OmeU",,,,,,,,,die-anthropozan-kuche-auf-der-woche-der-umwelt-2016,,,"Die Anthropozän-Küche auf der Woche der Umwelt 2016",,,/home/die-anthropozan-kuche-auf-der-woche-der-umwelt-2016/,,,,,,,,1,"https://vimeo.com/177051897 https://vimeo.com/177051897"
28,2015-11-01,"Wie im Cluster selbst, kommen in der Experimentalzone Forscher_innen zusammen, die die unterschiedlichsten Themen bearbeiten. Aber welche sind das den genau? Und bestehen vielleicht thematische Überschneidungen, die noch unbekannt sind? Wie können wir dieses Potenzial sichtbar machen? Diese Fragen haben uns im ersten Experimentalsetting – »Aktivitätswand« – beschäftigt. Im Rahmen dessen haben wir den Teilnehmer_innen eine 7,5m² große Pinnwand zur Verfügung gestellt und sie gebeten wöchentlich ein Objekt daran zu pinnen, das ihre Arbeit der vergangenen Woche repräsentiert. Es blieb dabei den Teilnehmer_innen überlassen, welcher Art das Objekt ist. Außerdem wurden sie gebeten mit Schnüren Verbindungen zu den Objekten anderer Teilnehmer_innen aufzuzeigen, zu denen eine thematische Nähe besteht.Im Laufe des Experimentalsettings entstand so nach und nach eine Visualisierung eines Netzwerks der Forschungsobjekte der Teilnehmer_innen der Experimentalzone, das nicht nur die bestehende Vernetzung, sondern auch Gelegenheiten für neue Vernetzungen aufzeigt.",676,f,[],https://vimeo.com/145154276,"Wie im Cluster selbst, kommen in der Experimentalzone Forscher_innen zusammen, die die unterschiedlichsten Themen bearbeiten. Aber welche sind das den genau? Und bestehen vielleicht thematische Überschneidungen, die noch unbekannt sind? Wie können wir dieses Potenzial sichtbar machen? Diese Fragen haben uns im ersten Experimentalsetting – »Aktivitätswand« – beschäftigt. Im Rahmen dessen haben wir den Teilnehmer_innen eine 7,5m² große Pinnwand zur Verfügung gestellt und sie gebeten wöchentlich ein Objekt daran zu pinnen, das ihre Arbeit der vergangenen Woche repräsentiert. Es blieb dabei den Teilnehmer_innen überlassen, welcher Art das Objekt ist. Außerdem wurden sie gebeten mit Schnüren Verbindungen zu den Objekten anderer Teilnehmer_innen aufzuzeigen, zu denen eine thematische Nähe besteht.Im Laufe des Experimentalsettings entstand so nach und nach eine Visualisierung eines Netzwerks der Forschungsobjekte der Teilnehmer_innen der Experimentalzone, das nicht nur die bestehende Vernetzung, sondern auch Gelegenheiten für neue Vernetzungen aufzeigt.",,,,,,,,,7-experimentalzone-aktivitatswand,,,"#7 Experimentalzone: Aktivitätswand",,,/home/7-experimentalzone-aktivitatswand/,,,,,,,,1,"https://vimeo.com/145154276 https://vimeo.com/145154276"
2359,2016-08-31,"Wolfgang Schäffner zur Ausstellung »+ultra. gestaltung schafft wissen«, 30.09.2016-08.01.2017 im Martin-Gropius-Bau.Gestaltung ist Forschung und Forschung ist Gestaltung. Anhand von Modellen, Werkzeugen und Bildern zeigt die Ausstellung erstmalig die fundamentale Bedeutung gestalterischer Prozesse für die Wissenschaft. Vom Faustkeil bis zum 3D-gedruckten Organ, von bio-mimetischen Materialien bis zu fühlenden Prothesen präsentiert +ultra. gestaltung schafft wissen die Erkenntnisse und die Konsequenzen der menschlichen Umformung von Natur. Der Natur als bereits durch Menschenhand gestaltet, tritt eine Welt gegenüber, in der die Grenzen zwischen Natur und Kultur, organisch und anorganisch, zunehmend durchlässig werden. In raumgreifenden Installationen und anhand von Steuerungsbildern, in denen Realität und Simulation verschmelzen, erleben die Besucher_innen dieses Spannungsverhältnis.30.09.2016 - 08.01.2017 Martin-Gropius-Bau Berlin",1173,t,[],https://vimeo.com/178462549,"Wolfgang Schäffner zur Ausstellung »+ultra. gestaltung schafft wissen«, 30.09.2016-08.01.2017 im Martin-Gropius-Bau.Gestaltung ist Forschung und Forschung ist Gestaltung. Anhand von Modellen, Werkzeugen und Bildern zeigt die Ausstellung erstmalig die fundamentale Bedeutung gestalterischer Prozesse für die Wissenschaft. Vom Faustkeil bis zum 3D-gedruckten Organ, von bio-mimetischen Materialien bis zu fühlenden Prothesen präsentiert +ultra. gestaltung schafft wissen die Erkenntnisse und die Konsequenzen der menschlichen Umformung von Natur. Der Natur als bereits durch Menschenhand gestaltet, tritt eine Welt gegenüber, in der die Grenzen zwischen Natur und Kultur, organisch und anorganisch, zunehmend durchlässig werden. In raumgreifenden Installationen und anhand von Steuerungsbildern, in denen Realität und Simulation verschmelzen, erleben die Besucher_innen dieses Spannungsverhältnis.30.09.2016 - 08.01.2017 Martin-Gropius-Bau Berlin",,,,,,,,,ultra-gestaltung-schafft-wissen_2_3,,,"+ultra. gestaltung schafft wissen",,,/home/ultra-gestaltung-schafft-wissen_2_3/,,,,,,,,1,"https://vimeo.com/178462549 https://vimeo.com/178462549"
2358,2016-08-31,"Horst Bredekamp zur Ausstellung »+ultra. gestaltung schafft wissen«, 30.09.2016-08.01.2017 im Martin-Gropius-Bau.Gestaltung ist Forschung und Forschung ist Gestaltung. Anhand von Modellen, Werkzeugen und Bildern zeigt die Ausstellung erstmalig die fundamentale Bedeutung gestalterischer Prozesse für die Wissenschaft. Vom Faustkeil bis zum 3D-gedruckten Organ, von bio-mimetischen Materialien bis zu fühlenden Prothesen präsentiert +ultra. gestaltung schafft wissen die Erkenntnisse und die Konsequenzen der menschlichen Umformung von Natur. Der Natur als bereits durch Menschenhand gestaltet, tritt eine Welt gegenüber, in der die Grenzen zwischen Natur und Kultur, organisch und anorganisch, zunehmend durchlässig werden. In raumgreifenden Installationen und anhand von Steuerungsbildern, in denen Realität und Simulation verschmelzen, erleben die Besucher_innen dieses Spannungsverhältnis.30.09.2016 - 08.01.2017 Martin-Gropius-Bau Berlin",1172,t,[],https://vimeo.com/178462187,"Horst Bredekamp zur Ausstellung »+ultra. gestaltung schafft wissen«, 30.09.2016-08.01.2017 im Martin-Gropius-Bau.Gestaltung ist Forschung und Forschung ist Gestaltung. Anhand von Modellen, Werkzeugen und Bildern zeigt die Ausstellung erstmalig die fundamentale Bedeutung gestalterischer Prozesse für die Wissenschaft. Vom Faustkeil bis zum 3D-gedruckten Organ, von bio-mimetischen Materialien bis zu fühlenden Prothesen präsentiert +ultra. gestaltung schafft wissen die Erkenntnisse und die Konsequenzen der menschlichen Umformung von Natur. Der Natur als bereits durch Menschenhand gestaltet, tritt eine Welt gegenüber, in der die Grenzen zwischen Natur und Kultur, organisch und anorganisch, zunehmend durchlässig werden. In raumgreifenden Installationen und anhand von Steuerungsbildern, in denen Realität und Simulation verschmelzen, erleben die Besucher_innen dieses Spannungsverhältnis.30.09.2016 - 08.01.2017 Martin-Gropius-Bau Berlin",,,,,,,,,ultra-gestaltung-schafft-wissen_2,,,"+ultra. gestaltung schafft wissen",,,/home/ultra-gestaltung-schafft-wissen_2/,,,,,,,,1,"https://vimeo.com/178462187 https://vimeo.com/178462187"
1370,2016-06-30,"Der Cluster war auch in diesem Jahr auf der Langen Nacht der Wissenschaften durch verschiedene Austeller_innen vertreten. Die Besucher_innen konnten in virtuelle Welten eintauchen, an einem Genderroulette teilnehmen, in eine simulierte Rednersituation auf dem Forum Romanum hineinhören und Matooke - ein Gericht au Uganda, probieren.",1220,t,[],https://vimeo.com/172907095,"Der Cluster war auch in diesem Jahr auf der Langen Nacht der Wissenschaften durch verschiedene Austeller_innen vertreten. Die Besucher_innen konnten in virtuelle Welten eintauchen, an einem Genderroulette teilnehmen, in eine simulierte Rednersituation auf dem Forum Romanum hineinhören und Matooke - ein Gericht au Uganda, probieren.",,,,,,,,,lange-nacht-der-wissenschaft-2016,,,"Lange Nacht der Wissenschaft 2016","Long Night of the Sciences 2016","Noche Large de Sciencias 2016",/home/lange-nacht-der-wissenschaft-2016/,,,,,,,,1,"https://vimeo.com/172907095 https://vimeo.com/172907095"
668,2016-05-30,"Echerhart SchumacherGebler spricht mit Bild Wissen Gestaltung zur kulturelle Bedeutung und Funktions des Buchdrucks heute.Anlass ist die Tagung »Transformationen des Buchdruck« am 9. und 10. Juni 2016 im Interdisziplinären Labor Bild Wissen Gestaltung in Berlin. Weitere Informationen: interdisciplinary-laboratory.hu-berlin.de/de/veranstaltungen/tagung-transformationen-des-buchdrucks",690,f,[],https://vimeo.com/166373196,"Echerhart SchumacherGebler spricht mit Bild Wissen Gestaltung zur kulturelle Bedeutung und Funktions des Buchdrucks heute.Anlass ist die Tagung »Transformationen des Buchdruck« am 9. und 10. Juni 2016 im Interdisziplinären Labor Bild Wissen Gestaltung in Berlin. Weitere Informationen: interdisciplinary-laboratory.hu-berlin.de/de/veranstaltungen/tagung-transformationen-des-buchdrucks",,,,,,,,,kulturelle-bedeutung-des-buchdrucks-heute-im-gesprach-mit-e-schumachergebler-teil-ii,,,"Kulturelle Bedeutung des Buchdrucks heute: Im Gespräch mit E. SchumacherGebler Teil II",,,/home/kulturelle-bedeutung-des-buchdrucks-heute-im-gesprach-mit-e-schumachergebler-teil-ii/,,,,,,,,1,"https://www.interdisciplinary-laboratory.hu-berlin.de/de/veranstaltungen/tagung-transformationen-des-buchdrucks https://vimeo.com/166373196 https://www.interdisciplinary-laboratory.hu-berlin.de/de/veranstaltungen/tagung-transformationen-des-buchdrucks https://www.interdisciplinary-laboratory.hu-berlin.de/de/veranstaltungen/tagung-transformationen-des-buchdrucks https://vimeo.com/166373196 https://www.interdisciplinary-laboratory.hu-berlin.de/de/veranstaltungen/tagung-transformationen-des-buchdrucks"
24,2015-06-01,"Zusammen mit seiner Arbeitsgruppe untersucht der Biologe John Nyakatura die Form-und Funktionszusammenhänge bei Wirbeltieren. Das Projekt ist an der Schnittstelle zwischen Biologie und Bildwissenschaft angesiedelt. Die Medien- und Kulturwissenschaftlerin Kathrin Mira Amelung widmet sich in diesem Zusammenhang der Frage und dem Einsatz von Bildern zur Evidenzerzeugung in den Naturwissenschaften.",668,f,[],https://vimeo.com/134828833,"Zusammen mit seiner Arbeitsgruppe untersucht der Biologe John Nyakatura die Form-und Funktionszusammenhänge bei Wirbeltieren. Das Projekt ist an der Schnittstelle zwischen Biologie und Bildwissenschaft angesiedelt. Die Medien- und Kulturwissenschaftlerin Kathrin Mira Amelung widmet sich in diesem Zusammenhang der Frage und dem Einsatz von Bildern zur Evidenzerzeugung in den Naturwissenschaften.",,,,,,,,,2-morphologie,,,"#2 Morphologie",,,/home/2-morphologie/,,,,,,,,1,"https://vimeo.com/134828833 https://vimeo.com/134828833"
157,2016-05-03,"Das Projekt »Matter of Typography« veranstaltet am 9. und 10. Juni 2016 eine Konferenz zum Thema »Transformationen des Buchdrucks«. Programm und Anmeldung unter https://hu.berlin/buchdruckDer Buchdruck und seine Techniken des Stempelschneidens, Schriftgießens und Bleisetzens haben unsere Kultur entscheidend verändert – Aufklärung und Demokratisierung sind ohne kostengünstige Reproduktionen kaum vorstellbar. Doch welche Relevanz hat der Buchdruck in einer Zeit, in der mit anderen Techniken schneller, kostengünstiger und dabei qualitativ hochwertig gedruckt werden kann? Haben im Buchdruck hergestellte Druckerzeugnisse spezifische Charakteristika, die es rechtfertigen nicht nur die materiellen Artefakte, sondern auch das implizite Wissen des Handwerks bewahren zu wollen?Die Konferenz bringt vielfältige Perspektiven aus wissenschaftlichen und praktischen Bereichen zusammen. Der Buchdruck wird dabei nicht als anachronistische Kulturtechnik verstanden, die im Zuge der digitalen Revolution als „veraltet“ im historischen Fundus verschwindet. Vielmehr wird der Blick auf seine Transformationen gelenkt und danach gefragt, inwiefern und weshalb die Praktiken und die Ästhetik der Buchdrucktechniken bis heute die Gestaltungspraxis sowohl in analogen wie digitalen Anwendungen prägen.Veranstaltungsort:Exzellenzcluster Bild Wissen Gestaltung | Sophienstraße 22a | 10117 Berlin | ZentrallaborKontakt: bwg.publicrelations@hu-berlin.de",680,f,[],https://vimeo.com/165135865,"Das Projekt »Matter of Typography« veranstaltet am 9. und 10. Juni 2016 eine Konferenz zum Thema »Transformationen des Buchdrucks«. Programm und Anmeldung unter https://hu.berlin/buchdruckDer Buchdruck und seine Techniken des Stempelschneidens, Schriftgießens und Bleisetzens haben unsere Kultur entscheidend verändert – Aufklärung und Demokratisierung sind ohne kostengünstige Reproduktionen kaum vorstellbar. Doch welche Relevanz hat der Buchdruck in einer Zeit, in der mit anderen Techniken schneller, kostengünstiger und dabei qualitativ hochwertig gedruckt werden kann? Haben im Buchdruck hergestellte Druckerzeugnisse spezifische Charakteristika, die es rechtfertigen nicht nur die materiellen Artefakte, sondern auch das implizite Wissen des Handwerks bewahren zu wollen?Die Konferenz bringt vielfältige Perspektiven aus wissenschaftlichen und praktischen Bereichen zusammen. Der Buchdruck wird dabei nicht als anachronistische Kulturtechnik verstanden, die im Zuge der digitalen Revolution als „veraltet“ im historischen Fundus verschwindet. Vielmehr wird der Blick auf seine Transformationen gelenkt und danach gefragt, inwiefern und weshalb die Praktiken und die Ästhetik der Buchdrucktechniken bis heute die Gestaltungspraxis sowohl in analogen wie digitalen Anwendungen prägen.Veranstaltungsort:Exzellenzcluster Bild Wissen Gestaltung | Sophienstraße 22a | 10117 Berlin | ZentrallaborKontakt: bwg.publicrelations@hu-berlin.de",,,,,,,,,12-transformationen-des-buchdrucks,,,"#12 »Transformationen des Buchdrucks«",,,/home/12-transformationen-des-buchdrucks/,,,,,,,,1,"https://hu.berlin/buchdruck https://vimeo.com/165135865 https://hu.berlin/buchdruck https://hu.berlin/buchdruck https://vimeo.com/165135865 https://hu.berlin/buchdruck"
2495,2016-09-08,"Ausstellung9. September 2016 -­ 5. Februar 2017Ort: Tieranatomisches TheaterEröffnungDonnerstag, 8. September 2016, 19 UhrWie rekonstruiert man die Bewegung einer vor 300 Millionen Jahren ausgestorbenen Echse? Die Wanderausstellung »Orobates. Nach 300 Millionen Jahren reanimiert« zeigt die Arbeit eines interdisziplinären Forschungsteams mit spektakulären Objekten:Ein fast vollständig erhaltenes fossiles Skelett und ein versteinerter Fährtenabdruck bilden den Ausgangspunkt.Die Knochen des augestorbenen Tieres wurden vermessen, digitalisiert und animiert. In Experimenten wurde das Bewegungsvermögen heute lebender Reptilien verglichen, um mehr über die Bewegung des Orobates pabsti herauszufinden.Originale Fundstücke, Modelle, Röntgenvideos, Animationen und ein lebensgroßer Roboter machen das hochaktuelle Forschungsprojekt greifbar und laden dazu ein, den Forschungsprozess selbst unter die Lupe zu nehmen: Wie kommen die WissenschaftlerInnen eigentlich zu ihren Ergebnissen? Was kann neueste Technik über ein uraltes Fossil herausfinden? Wo bestehen die Grenzen dessen, was man beweisen kann?»Orobates. Nach 300 Millionen Jahren reanimiert« will mit den Besucher_innen die Forschung, aber auch das eigene Wissen hinterfragen, entdecken, weiter denken. In der Rotunde des Tieranatomischen Theaters der Humboldt­-Universität zu Berlin können BesucherInnen an einer interaktiven Station spannende Gegenstände entdecken, die mehr Hintergründe und Gegenpositionen zur Arbeit des Teams liefern.Die Animation des laufenden Orobates pabsti, das Ergebnis des Forschungsprojekts, kann von den BesucherInnen manipuliert werden, um selbst zu erfahren, welche Grenzen für die Bewegung festgelegt werden können und welche nicht.Die Ausstellung wurde im Rahmen eines zweisemestrigen Seminars im bologna.lab­ Projekt »Vielfalt der Wissensformen« durch ein Team aus Studierenden der Humboldt­-Universität zu Berlin und der Bauhaus­Universität Weimar kuratiert und gestaltet.Im Tieranatomischen Theater eröffnet die Wanderausstellung »Orobates. Nach 300 Millionen Jahren reanimiert« am 8.9.2016 um 19 Uhr und wird bis zum 5. Februar 2017 zu sehen sein.",1187,f,[],https://vimeo.com/181637749,"Ausstellung9. September 2016 -­ 5. Februar 2017Ort: Tieranatomisches TheaterEröffnungDonnerstag, 8. September 2016, 19 UhrWie rekonstruiert man die Bewegung einer vor 300 Millionen Jahren ausgestorbenen Echse? Die Wanderausstellung »Orobates. Nach 300 Millionen Jahren reanimiert« zeigt die Arbeit eines interdisziplinären Forschungsteams mit spektakulären Objekten:Ein fast vollständig erhaltenes fossiles Skelett und ein versteinerter Fährtenabdruck bilden den Ausgangspunkt.Die Knochen des augestorbenen Tieres wurden vermessen, digitalisiert und animiert. In Experimenten wurde das Bewegungsvermögen heute lebender Reptilien verglichen, um mehr über die Bewegung des Orobates pabsti herauszufinden.Originale Fundstücke, Modelle, Röntgenvideos, Animationen und ein lebensgroßer Roboter machen das hochaktuelle Forschungsprojekt greifbar und laden dazu ein, den Forschungsprozess selbst unter die Lupe zu nehmen: Wie kommen die WissenschaftlerInnen eigentlich zu ihren Ergebnissen? Was kann neueste Technik über ein uraltes Fossil herausfinden? Wo bestehen die Grenzen dessen, was man beweisen kann?»Orobates. Nach 300 Millionen Jahren reanimiert« will mit den Besucher_innen die Forschung, aber auch das eigene Wissen hinterfragen, entdecken, weiter denken. In der Rotunde des Tieranatomischen Theaters der Humboldt­-Universität zu Berlin können BesucherInnen an einer interaktiven Station spannende Gegenstände entdecken, die mehr Hintergründe und Gegenpositionen zur Arbeit des Teams liefern.Die Animation des laufenden Orobates pabsti, das Ergebnis des Forschungsprojekts, kann von den BesucherInnen manipuliert werden, um selbst zu erfahren, welche Grenzen für die Bewegung festgelegt werden können und welche nicht.Die Ausstellung wurde im Rahmen eines zweisemestrigen Seminars im bologna.lab­ Projekt »Vielfalt der Wissensformen« durch ein Team aus Studierenden der Humboldt­-Universität zu Berlin und der Bauhaus­Universität Weimar kuratiert und gestaltet.Im Tieranatomischen Theater eröffnet die Wanderausstellung »Orobates. Nach 300 Millionen Jahren reanimiert« am 8.9.2016 um 19 Uhr und wird bis zum 5. Februar 2017 zu sehen sein.",,,,,,,,,orobates-nach-300-millionen-jahren-reanimiert_2,,,"Orobates. Nach 300 Millionen Jahren reanimiert",,,/home/orobates-nach-300-millionen-jahren-reanimiert_2/,,,,,,,,1,"https://vimeo.com/181637749 https://vimeo.com/181637749"
2177,2016-08-01,"While science is a closed book to many, it’s a game to others. In Sciddle, science becomes a game to all. Active researchers are given 30 seconds to explain central terms of their field in everyday language. Their explanations are brought to life by animations, helping the viewers to take part in Sciddle; racing against the clock to guess the scientific terms. With every word explained, the book of science is opened further, revealing its hidden pleasures.Sciddle - The Science Riddle is a ludic film project, where basic theoretical concepts are clarified by the physicists in a puzzle-like way. The project leads to the development of an outreach playful video format for sciences and humanities, which may be used in a myriad of other scenarios. The project brings together film producers, cinematographers, illustrators, anthropologists and physicists.Concept development: Anne Braun, Anne Dippel, Thomas Klose, Britta Kussin, Dennis RätzelDirection: Dennis RätzelAnimation: Britta KussinCamera: Anne BraunProduction: Anne Dippel, Thomas KloseAssociate Producer: Exzellenzcluster BWG, HU Berlin/ DESY Hamburg",1074,t,[],https://vimeo.com/177092128,"While science is a closed book to many, it’s a game to others. In Sciddle, science becomes a game to all. Active researchers are given 30 seconds to explain central terms of their field in everyday language. Their explanations are brought to life by animations, helping the viewers to take part in Sciddle; racing against the clock to guess the scientific terms. With every word explained, the book of science is opened further, revealing its hidden pleasures.Sciddle - The Science Riddle is a ludic film project, where basic theoretical concepts are clarified by the physicists in a puzzle-like way. The project leads to the development of an outreach playful video format for sciences and humanities, which may be used in a myriad of other scenarios. The project brings together film producers, cinematographers, illustrators, anthropologists and physicists.Concept development: Anne Braun, Anne Dippel, Thomas Klose, Britta Kussin, Dennis RätzelDirection: Dennis RätzelAnimation: Britta KussinCamera: Anne BraunProduction: Anne Dippel, Thomas KloseAssociate Producer: Exzellenzcluster BWG, HU Berlin/ DESY Hamburg",,,,,,,,,sciddle-science-riddle_2,,,"Sciddle - The Science Riddle",,,/home/sciddle-science-riddle_2/,,,,,,,,1,"https://vimeo.com/177092128 https://vimeo.com/177092128"
33,2015-12-01,,679,f,[],https://vimeo.com/147109968,,,,,,,,,,10-experimentalzone-navi,,,"#10 Experimentalzone: Navi",,,/home/10-experimentalzone-navi/,,,,,,,,1,"https://vimeo.com/147109968 https://vimeo.com/147109968"
