id,title,parent_id,description,slug,full_name,description_de,description_en,description_es,title_de,title_en,title_es,linkable,weight,page_link,urls
102,Drittmittelverwaltung,76,,drittmittelverwaltung,"BWG Aktuell &#38;gt; Funktion &#38;gt; Finanzen &#38; Personal &#38;gt; Drittmittelverwaltung",,,,Drittmittelverwaltung,"Administration of Third-Party Funds","Gestión Fondos Externos",f,0,,
112,"Editorische Koordination",80,,editorische-koordination,"BWG Aktuell &#38;gt; Funktion &#38;gt; Publikationen &#38;gt; Editorische Koordination",,,,"Editorische Koordination",,,f,0,,
69,Funktion,3,,funktion,"HZK AKTUELL &#38;gt; Funktion",,,,Funktion,,,f,0,,
44,Postdocs,37,,postdocs,"BWG Aktuell &#38;gt; Mitglieder &#38;gt; Postdocs",,,,Postdocs,Postdocs,"Postdoctorandos y Postdoctorandas",t,4,,
87,"Örtlicher Wahlvorstand",69,,rtlicher-wahlvorstand,"HZK Aktuell &#38;gt; Funktion &#38;gt; Örtlicher Wahlvorstand",,,,"Örtlicher Wahlvorstand",,,f,11,,
134,"Zentrumsrat MTSV",83,,zentrumsrat-mtsv,"HZK Aktuell &#38;gt; Funktion &#38;gt; Zentrumsrat &#38;gt; Zentrumsrat MTSV",,,,"Zentrumsrat MTSV",,,f,0,,
78,IT,68,,it,"BWG Aktuell &#38;gt; Funktion &#38;gt; IT",,,,IT,IT,"Servicio Técnico",f,7,,
42,"Assoziierte Mitglieder &#38; Permanent Fellows",37,,assoziierte-mitglieder,"BWG Aktuell &#38;gt; Mitglieder &#38;gt; Assoziierte Mitglieder &#38; Permanent Fellows",,,,"Assoziierte Mitglieder &#38; Permanent Fellows","Associated Members &#38; Permanent Fellows","Miembros Asociados &#38; Permanent Fellows",t,3,,
74,Diversity,68,,diversity,"BWG Aktuell &#38;gt; Funktion &#38;gt; Diversity",,,,Diversity,Diversity,Diversidad,f,4,,
113,Nachwuchsförderung,68,,funktion-nachwuchsfoerderung,"BWG Aktuell &#38;gt; Funktion &#38;gt; Nachwuchsförderung",,,,Nachwuchsförderung,"Promotion of young researchers","Promoción de jóvenes investigadoras e investigadores",f,8,,
71,Vorstand,68,,vorstand,"BWG Aktuell &#38;gt; Funktion &#38;gt; Vorstand",,,,Vorstand,"Executive Board","Junta Directiva",f,1,,
25,Promovierende,18,,promovierende,"HZK Aktuell &#38;gt; Nachwuchsförderung &#38;gt; Promovierende",,,,Promovierende,"PhD Candidates","Doctorandos &#38; Doctorandas",t,3,,
118,"Schwerpunktleitung Architekturen des Wissens",72,,schwerpunktleitung-architekturen-des-wissens,"BWG Aktuell &#38;gt; Funktion &#38;gt; Schwerpunktleitung &#38;gt; Schwerpunktleitung Architekturen des Wissens",,,,"Schwerpunktleitung Architekturen des Wissens",,,f,0,,
43,Fellows,37,,fellows,"BWG Aktuell &#38;gt; Mitglieder &#38;gt; Fellows",,,,Fellows,,,t,5,,
24,Studierende,18,,studierende,"HZK Aktuell &#38;gt; Nachwuchsförderung &#38;gt; Studierende",,,,Studierende,"University Students",Estudiantes,t,1,,
60,Sammlungen,4,,sammlungen,"BWG Aktuell &#38;gt; Sammlungen",,,,Sammlungen,Collections,Colecciones,t,0,,
104,"Koordination Master Open Design",77,,koordination-master-open-design,"BWG Aktuell &#38;gt; Funktion &#38;gt; Internationales &#38;gt; Koordination Master Open Design",,,,"Koordination Master Open Design","Coordination Master Open Design","Coordinación Máster Open Design",f,0,,
105,"Assistenz Internationales",77,,assistenz-internationales,"BWG Aktuell &#38;gt; Funktion &#38;gt; Internationales &#38;gt; Assistenz Internationales",,,,"Assistenz Internationales",,,f,0,,
145,Sammlungen,69,,funktion-sammlungen,"HZK Aktuell &#38;gt; Funktion &#38;gt; Sammlungen",,,,Sammlungen,Collections,Colleciones,f,8,,
68,Funktion,4,,funktion,"BWG Aktuell &#38;gt; Funktion",,,,Funktion,,,f,0,,
86,"Kommission für Lehre und Studium",69,,none,"HZK Aktuell &#38;gt; Funktion &#38;gt; Kommission für Lehre und Studium",,,,"Kommission für Lehre und Studium",,,f,10,,
3,"HZK Aktuell",,,hzk,"HZK Aktuell",,,,"HZK Aktuell",,,t,0,,
20,Studierende,17,,studierende,"BWG Aktuell &#38;gt; Nachwuchsförderung &#38;gt; Studierende",,,,Studierende,"University Students",Estudiantes,t,1,,
152,"Leitung Koordinierungsstelle Universitätssammlungen",151,,leitung-koordinierungsstelle-universittssammlungen,"HZK Aktuell &#38;gt; Funktion &#38;gt; Koordinierungsstelle für Universitätssammlungen in Deutschland &#38;gt; Leitung Koordinierungsstelle Universitätssammlungen",,,,"Leitung Koordinierungsstelle Universitätssammlungen",,,f,0,,
17,Nachwuchsförderung,4,,nachwuchsfoerderung,"BWG Aktuell &#38;gt; Nachwuchsförderung",,,,Nachwuchsförderung,,,t,0,,
70,Sprecher,68,,sprecher,"BWG Aktuell &#38;gt; Funktion &#38;gt; Sprecher",,,,Sprecher,Director,Voceros,f,0,,
143,"Kurator Tieranatomisches Theater",142,,kurator-tieranatomisches-theater,"HZK Aktuell &#38;gt; Funktion &#38;gt; Tieranatomisches Theater &#38;gt; Kurator Tieranatomisches Theater",,,,"Kurator Tieranatomisches Theater",,,f,0,,
124,Vizedirektorin,82,,vizedirektor_in,"HZK Aktuell &#38;gt; Funktion &#38;gt; Direktorium &#38;gt; Vizedirektorin",,,,Vizedirektorin,,,f,0,,
18,Nachwuchsförderung,3,,nachwuchsfoerderung,"HZK AKTUELL &#38;gt; Nachwuchsförderung",,,,Nachwuchsförderung,,,t,0,,
23,"Schülerinnen &#38; Schüler",18,,schuelerinnen-schueler,"HZK Aktuell &#38;gt; Nachwuchsförderung &#38;gt; Schülerinnen &#38; Schüler",,,,"Schülerinnen &#38; Schüler","Secondary School Students",Escolares,t,0,,
92,Presse,3,,presse,"HZK Aktuell &#38;gt; Presse",,,,Presse,Press,Prensa,f,0,,
122,Direktorin,82,,direktor_in,"HZK Aktuell &#38;gt; Funktion &#38;gt; Direktorium &#38;gt; Direktorin",,,,Direktorin,,,f,0,,
47,"Studentische Hilfskräfte",37,,studentische-hilfskraefte,"BWG Aktuell &#38;gt; Mitglieder &#38;gt; Studentische Hilfskräfte",,,,"Studentische Hilfskräfte","Student Assistants","Ayudantes Estudiantiles",t,9,,
76,"Finanzen &#38; Personal",68,,finanzen--personal,"BWG Aktuell &#38;gt; Funktion &#38;gt; Finanzen &#38; Personal",,,,"Finanzen &#38; Personal","Finances &#38; Staff","Finanzas &#38; Personal",f,5,,
103,Personalverwaltung,76,,personalverwaltung,"BWG Aktuell &#38;gt; Funktion &#38;gt; Finanzen &#38; Personal &#38;gt; Personalverwaltung",,,,Personalverwaltung,"Recursos Humanos",,f,0,,
66,"+ultra. gestaltung schafft wissen",4,"Zur AusstellungKinder &#38; JugendlicheFührungenSpielEvents &#38; GästeKalenderPresseTeam &#38; Partner",clusterausstellung,"BWG Aktuell &#38;gt; +ultra. gestaltung schafft wissen","Zur AusstellungKinder &#38; JugendlicheFührungenSpielEvents &#38; GästeKalenderPresseTeam &#38; Partner",,,"+ultra. gestaltung schafft wissen","+ultra. gestaltung schafft wissen","+ultra. gestaltung schafft wissen",t,0,,
27,Kooperationen,3,,kooperationen,"HZK AKTUELL &#38;gt; Kooperationen",,,,Kooperationen,,,t,0,,
7,"Bild &#38; Handlung",5,"Ausgehend von Anwendungssituationen der medizinischen Praxis sowie vergleichbarer Kontexte untersucht der Schwerpunkt aus einer interdisziplinären Perspektive die spezifischen Formen und Einsatzweisen von Bildtechnologien, die zur Unterstützung und Anleitung von Operationen eingesetzt und mit diesen verschaltet werden.",bild-handlung,"BWG Aktuell &#38;gt; Forschung &#38;gt; Bild &#38; Handlung","Ausgehend von Anwendungssituationen der medizinischen Praxis sowie vergleichbarer Kontexte untersucht der Schwerpunkt aus einer interdisziplinären Perspektive die spezifischen Formen und Einsatzweisen von Bildtechnologien, die zur Unterstützung und Anleitung von Operationen eingesetzt und mit diesen verschaltet werden.","Taking as its starting point applications in medical practice and comparable contexts and adopting an interdisciplinary angle, this priority area will investigate the specific forms and uses of image technologies that are deployed to support and guide operations and are in a relationship of mutual interdependence with them.","Partiendo de situaciones de aplicación dentro del ejercicio de la medicina y contextos similares, el tema principal investiga, desde un punto de vista interdisciplinario, las formas y modos de aplicación específicos de las tecnologías visuales que se emplean como ayuda y guía en operaciones y, por lo tanto, se asocian con estos procesos.","Bild &#38; Handlung","Image &#38; Action","Imagen &#38; Acto",t,0,/content/schwerpunkt-bild-handlung/,
109,"Assistenz PR &#38; Fundraising",79,,assistenz-pr-fundraising,"BWG Aktuell &#38;gt; Funktion &#38;gt; Public Relations &#38; Fundraising &#38;gt; Assistenz PR &#38; Fundraising",,,,"Assistenz PR &#38; Fundraising",,,f,0,,
142,"Tieranatomisches Theater",69,,tieranatomisches-theater,"HZK Aktuell &#38;gt; Funktion &#38;gt; Tieranatomisches Theater",,,,"Tieranatomisches Theater",,,f,9,,
35,National,32,,national,"BWG Aktuell &#38;gt; Kooperationen &#38;gt; National",,,,National,,,t,2,,
91,Presse,4,ksfdjgkfsgjlfdg,presse,"BWG Aktuell &#38;gt; Presse",ksfdjgkfsgjlfdg,,,Presse,Press,Prensa,f,0,,
65,Humboldt-Labor,3,,humboldt-lab,"HZK Aktuell &#38;gt; Humboldt-Labor",,,,Humboldt-Labor,Humboldt-Labor,Humboldt-Labor,t,0,,
121,Direktor,82,,direktor,"HZK Aktuell &#38;gt; Funktion &#38;gt; Direktorium &#38;gt; Direktor",,,,Direktor,,,f,0,,
37,Mitglieder,4,,mitglieder,"BWG Aktuell &#38;gt; Mitglieder",,,,Mitglieder,,,t,0,,
31,International,27,,international,"HZK Aktuell &#38;gt; Kooperationen &#38;gt; International",,,,International,International,Internacional,t,3,,
40,"Associated Investigators",37,,associated-investigators,"BWG Aktuell &#38;gt; Mitglieder &#38;gt; Associated Investigators",,,,"Associated Investigators",,"Investigadores Asociados",t,1,,
6,Forschung,3,,forschung,"HZK AKTUELL &#38;gt; Forschung",,,,Forschung,,,t,0,,
36,International,32,,international,"BWG Aktuell &#38;gt; Kooperationen &#38;gt; International",,,,International,International,Internacional,t,3,,
110,"Leitung Sekretariat",81,,leitung-sekretariat,"BWG Aktuell &#38;gt; Funktion &#38;gt; Sekretariat &#38;gt; Leitung Sekretariat",,,,"Leitung Sekretariat","Head of the Secretarial Office","Dirección del Secretariado",f,0,,
138,"Leitung Presse- und Öffentlichkeitsarbeit",137,,leitung-presse--und-ffentlichkeitsarbeit,"HZK Aktuell &#38;gt; Funktion &#38;gt; Presse- und Öffentlichkeitsarbeit &#38;gt; Leitung Presse- und Öffentlichkeitsarbeit",,,,"Leitung Presse- und Öffentlichkeitsarbeit",,,f,0,,
4,"BWG Aktuell",,,bwg,"BWG Aktuell",,,,"BWG Aktuell",,,t,0,,
125,"Vizedirektor für Studium und Lehre",82,,vizedirektor-fr-studium-und-lehre,"HZK Aktuell &#38;gt; Funktion &#38;gt; Direktorium &#38;gt; Vizedirektor für Studium und Lehre",,,,"Vizedirektor für Studium und Lehre",,,f,0,,
130,"Vorsitzende_r Örtlicher Wahlvorstand",87,,vorsitzende_r-rtlicher-wahlvorstand,"HZK Aktuell &#38;gt; Funktion &#38;gt; Örtlicher Wahlvorstand &#38;gt; Vorsitzende_r Örtlicher Wahlvorstand",,,,"Vorsitzende_r Örtlicher Wahlvorstand",,,f,0,,
53,Professuren,38,,professuren,"HZK Aktuell &#38;gt; Mitglieder &#38;gt; Professuren",,,,Professuren,Professorships,Cátedras,t,0,,
75,Drittmittelakquise,68,,drittmittelaquise,"BWG Aktuell &#38;gt; Funktion &#38;gt; Drittmittelakquise",,,,Drittmittelakquise,"Acquisition of Third-Party Funding","Captación de Fondos Externos",f,4,,
45,Promovierende,37,,promovierende,"BWG Aktuell &#38;gt; Mitglieder &#38;gt; Promovierende",,,,Promovierende,"PhD Candidates","Estudiantes de Doctorado",t,6,,
120,Sprecherin,70,,sprecherin,"BWG Aktuell &#38;gt; Funktion &#38;gt; Sprecher &#38;gt; Sprecherin",,,,Sprecherin,,,f,0,,
116,"Schwerpunktleitung Formprozess &#38; Modellierung",72,,schwerpunktleitung-formprozess--modellierung,"BWG Aktuell &#38;gt; Funktion &#38;gt; Schwerpunktleitung &#38;gt; Schwerpunktleitung Formprozess &#38; Modellierung",,,,"Schwerpunktleitung Formprozess &#38; Modellierung",,,f,0,,
117,"Schwerpunktleitung Active Matter",72,,schwerpunktleitung-active-matter,"BWG Aktuell &#38;gt; Funktion &#38;gt; Schwerpunktleitung &#38;gt; Schwerpunktleitung Active Matter",,,,"Schwerpunktleitung Active Matter",,,f,0,,
61,Sammlungen,3,,sammlungen,"HZK Aktuell &#38;gt; Sammlungen",,,,Sammlungen,Collections,Colecciones,t,8,,
147,Lautarchiv,145,,lautarchiv,"HZK Aktuell &#38;gt; Funktion &#38;gt; Sammlungen &#38;gt; Lautarchiv",,,,Lautarchiv,,,f,0,,
107,Webentwicklung,78,,webentwicklung,"BWG Aktuell &#38;gt; Funktion &#38;gt; IT &#38;gt; Webentwicklung",,,,Webentwicklung,Webmaster,Webmaster,f,0,,
29,"Außeruniversitäre Forschungs­einrichtungen",27,,aueruniversitaere-forschungseinrichtungen,"HZK Aktuell &#38;gt; Kooperationen &#38;gt; Außeruniversitäre Forschungs­einrichtungen",,,,"Außeruniversitäre Forschungs­einrichtungen","Non-university Research Institutions",,t,1,,
22,Postdocs,17,,postdocs,"BWG Aktuell &#38;gt; Nachwuchsförderung &#38;gt; Postdocs",,,,Postdocs,Postdocs,"Postdoctorandos y Postdoctorandas",t,3,,
133,"Zentrumsrat Mittelbau",83,,zentrumsrat-mittelbau,"HZK Aktuell &#38;gt; Funktion &#38;gt; Zentrumsrat &#38;gt; Zentrumsrat Mittelbau",,,,"Zentrumsrat Mittelbau",,,f,0,,
48,Deutschlandstipendiat_innen,37,,deutschlandstipendiat_innen,"BWG Aktuell &#38;gt; Mitglieder &#38;gt; Deutschlandstipendiat_innen",,,,Deutschlandstipendiat_innen,"Fellows (Deutschlandstipendium)","Becarias y Becarios Deutschlandstipendium",t,10,,
38,Mitglieder,3,,mitglieder,"HZK Aktuell &#38;gt; Mitglieder",,,,Mitglieder,Members,Miembros,t,0,,
41,Clusterprofessuren,37,,clusterprofessuren,"BWG Aktuell &#38;gt; Mitglieder &#38;gt; Clusterprofessuren",,,,Clusterprofessuren,"Cluster Professorships","Cátedras de profesorado del Cluster",t,2,,
28,Hochschulen,27,,hochschulen,"HZK Aktuell &#38;gt; Kooperationen &#38;gt; Hochschulen",,,,Hochschulen,Universities,Universidades,t,0,,
115,"Schwerpunktleitung Bild &#38; Handlung",72,,schwerpunktleitung-bild--handlung,"BWG Aktuell &#38;gt; Funktion &#38;gt; Schwerpunktleitung &#38;gt; Schwerpunktleitung Bild &#38; Handlung",,,,"Schwerpunktleitung Bild &#38; Handlung",,,f,0,,
64,"Humboldt Lab",4,,humboldt-lab,"BWG Aktuell &#38;gt; Humboldt Lab",,,,"Humboldt Lab",,,t,0,,
88,Frauenbeauftragte,69,,frauenbeauftragte,"HZK AKTUELL &#38;gt; funktion &#38;gt; Frauenbeauftragte",,,,Frauenbeauftragte,,,f,0,,
90,Podcasts,4,,podcasts,"BWG Aktuell &#38;gt; Podcasts",,,,Podcasts,,,t,0,,
135,"Zentrumsrat Studierende",83,,zentrumsrat-studierende,"HZK Aktuell &#38;gt; Funktion &#38;gt; Zentrumsrat &#38;gt; Zentrumsrat Studierende",,,,"Zentrumsrat Studierende",,,f,0,,
146,Sammlungsbeauftragter,145,,sammlungsbeauftragter,"HZK Aktuell &#38;gt; Funktion &#38;gt; Sammlungen &#38;gt; Sammlungsbeauftragter",,,,Sammlungsbeauftragter,,,f,0,,
46,"Weiteres wiss. Personal",37,,weiteres,"BWG Aktuell &#38;gt; Mitglieder &#38;gt; Weiteres wiss. Personal",,,,"Weiteres wiss. Personal","Additional scientific staff","Personal científico adicional",t,7,,
59,"Labore und Bühnen",3,,labore-buehnen,"HZK AKTUELL &#38;gt; Labore und Bühnen",,,,"Labore und Bühnen",,,t,0,,
141,"Assistenz Presse- und Öffentlichkeitsarbeit",137,,assistenz-presse--und-ffentlichkeitsarbeit,"HZK Aktuell &#38;gt; Funktion &#38;gt; Presse- und Öffentlichkeitsarbeit &#38;gt; Assistenz Presse- und Öffentlichkeitsarbeit",,,,"Assistenz Presse- und Öffentlichkeitsarbeit",,,f,0,,
30,National,27,,national,"HZK Aktuell &#38;gt; Kooperationen &#38;gt; National",,,,National,,,t,2,,
10,"Formprozess &#38; Modellierung",6,"Der Schwerpunkt widmet sich den verschiedenartigen Voraussetzungen und Prozessen der Formbildung und Formveränderung in Natur und Kultur sowie dem Verhältnis von Form und Modell, die im Hinblick auf intrinsische und extrinsische Faktoren von Gestaltung und auf ihre funktionale und historische Bedingtheit hin analysiert werden.",formprozess-modellierung,"HZK Aktuell &#38;gt; Forschung &#38;gt; Formprozess &#38; Modellierung","Der Schwerpunkt widmet sich den verschiedenartigen Voraussetzungen und Prozessen der Formbildung und Formveränderung in Natur und Kultur sowie dem Verhältnis von Form und Modell, die im Hinblick auf intrinsische und extrinsische Faktoren von Gestaltung und auf ihre funktionale und historische Bedingtheit hin analysiert werden.","This priority area will focus on the disparate conditions and processes at work in the development and evolution of form in nature and culture, and the relationship between form and model. Its analysis will centre on intrinsic and extrinsic factors in design and their functional and historical conditionality.","El tema principal se centra en los distintos procesos y condiciones de la creación y alteración de formas en la naturaleza y la cultura, así como en la relación de la forma y el modelo que se analizan respecto a los factores intrínsecos y extrínsecos de Gestaltung y a su limitación histórica y funcional.","Formprozess &#38; Modellierung","Form Processes &#38; Modelling","Proceso de forma y modelización",t,1,/content/schwerpunkt-formprozess-modellierung/,
137,"Presse- und Öffentlichkeitsarbeit",69,,presse--und-ffentlichkeitsarbeit,"HZK Aktuell &#38;gt; Funktion &#38;gt; Presse- und Öffentlichkeitsarbeit",,,,"Presse- und Öffentlichkeitsarbeit","Public Relations","Relaciones Públicas",f,4,,
21,Promovierende,17,,promovierende,"BWG Aktuell &#38;gt; Nachwuchsförderung &#38;gt; Promovierende",,,,Promovierende,"PhD Candidates","Doctorandos &#38; Doctorandas",t,2,,
73,"Wissenschaftliche Geschäftsführung",68,,wissenschaftliche-geschftsfhrung,"BWG Aktuell &#38;gt; Funktion &#38;gt; Wissenschaftliche Geschäftsführung",,,,"Wissenschaftliche Geschäftsführung","Scientific Manager","Dirección Científica",f,3,,
148,"Sammlungsleitung Lautarchiv",145,,sammlungsleitung-lautarchiv,"HZK Aktuell &#38;gt; Funktion &#38;gt; Sammlungen &#38;gt; Sammlungsleitung Lautarchiv",,,,"Sammlungsleitung Lautarchiv",,,f,0,,
67,"+ultra. gestaltung schafft wissen",3,"Zur AusstellungKinder &#38; JugendlicheFührungenSpielVeranstaltungenKalenderPresseTeam &#38; Partner",clusterausstellung,"HZK Aktuell &#38;gt; +ultra. gestaltung schafft wissen","Zur AusstellungKinder &#38; JugendlicheFührungenSpielVeranstaltungenKalenderPresseTeam &#38; Partner",,,"+ultra. gestaltung schafft wissen","+ultra. gestaltung schafft wissen","+ultra. gestaltung schafft wissen",f,0,,
126,"Vizedirektorin für Studium und Lehre",82,,vizedirektor_in-fr-studium-und-lehre,"HZK Aktuell &#38;gt; Funktion &#38;gt; Direktorium &#38;gt; Vizedirektorin für Studium und Lehre",,,,"Vizedirektorin für Studium und Lehre",,,f,0,,
111,"Leitung Sekretariat",85,,leitung-sekretariat,"HZK Aktuell &#38;gt; Funktion &#38;gt; Sekretariat &#38;gt; Leitung Sekretariat",,,,"Leitung Sekretariat","Head of the Secretarial Office","Dirección del Secretariado",f,0,,
149,"Das Technische Bild",69,,das-technische-bild,"HZK Aktuell &#38;gt; Funktion &#38;gt; Das Technische Bild",,,,"Das Technische Bild",,,f,6,,
154,DV-Beauftragter,153,,dv-beauftragter,"HZK Aktuell &#38;gt; Funktion &#38;gt; IT &#38;gt; DV-Beauftragter",,,,DV-Beauftragter,,,f,0,,
139,"Presse- und Öffentlichkeitsarbeit TAT",137,,presse--und-ffentlichkeitsarbeit-tat,"HZK Aktuell &#38;gt; Funktion &#38;gt; Presse- und Öffentlichkeitsarbeit &#38;gt; Presse- und Öffentlichkeitsarbeit TAT",,,,"Presse- und Öffentlichkeitsarbeit TAT",,,f,0,,
136,"Stellvertretende Geschäftsführung",84,,stellvertretende-geschftsfhrung,"HZK Aktuell &#38;gt; Funktion &#38;gt; Geschäftsführung &#38;gt; Stellvertretende Geschäftsführung",,,,"Stellvertretende Geschäftsführung",,,f,0,,
132,"Zentrumsrat Professuren (kooptiert)",83,,zentrumsrat-professsuren-kooptiert,"HZK Aktuell &#38;gt; Funktion &#38;gt; Zentrumsrat &#38;gt; Zentrumsrat Professuren (kooptiert)",,,,"Zentrumsrat Professuren (kooptiert)",,,f,0,,
80,Publikationen,68,,publikationen,"BWG Aktuell &#38;gt; Funktion &#38;gt; Publikationen",,,,Publikationen,Publications,Publicationes,f,9,,
119,"Schwerpunktleitung Sammeln &#38; Ausstellen",72,,schwerpunktleitung-sammeln--ausstellen,"BWG Aktuell &#38;gt; Funktion &#38;gt; Schwerpunktleitung &#38;gt; Schwerpunktleitung Sammeln &#38; Ausstellen",,,,"Schwerpunktleitung Sammeln &#38; Ausstellen",,,f,0,,
123,Vizedirektor,82,,vizedirektor,"HZK Aktuell &#38;gt; Funktion &#38;gt; Direktorium &#38;gt; Vizedirektor",,,,Vizedirektor,,,f,0,,
140,"Presse- und Öffentlichkeitsarbeit Humboldt Labor",137,,presse--und-ffentlichkeitsarbeit-humboldt-labor,"HZK Aktuell &#38;gt; Funktion &#38;gt; Presse- und Öffentlichkeitsarbeit &#38;gt; Presse- und Öffentlichkeitsarbeit Humboldt Labor",,,,"Presse- und Öffentlichkeitsarbeit Humboldt Labor",,,f,0,,
26,Postdocs,18,,postdocs,"HZK Aktuell &#38;gt; Nachwuchsförderung &#38;gt; Postdocs",,,,Postdocs,Postdocs,"Postdoctorandos y Postdoctorandas",t,3,,
33,Hochschulen,32,,hochschulen,"BWG Aktuell &#38;gt; Kooperationen &#38;gt; Hochschulen",,,,Hochschulen,Universities,Universidades,t,0,,
39,"Principal Investigators",37,,principal-investigators,"BWG Aktuell &#38;gt; Mitglieder &#38;gt; Principal Investigators",,,,"Principal Investigators","Principal Investigators","Investigadores Principales",t,0,,
34,"Außeruniversitäre Forschungs­einrichtungen",32,,aueruniversitaere-forschungseinrichtungen,"BWG Aktuell &#38;gt; Kooperationen &#38;gt; Außeruniversitäre Forschungs­einrichtungen",,,,"Außeruniversitäre Forschungs­einrichtungen","Non-university research institutions","Instituciones de investigación no universitarias",t,1,,
79,"Public Relations &#38; Fundraising",68,,public-relations--fundraising,"BWG Aktuell &#38;gt; Funktion &#38;gt; Public Relations &#38; Fundraising",,,,"Public Relations &#38; Fundraising","Public Relations &#38; Fundraising","Relaciones Públicas &#38; Obtención de Fondos",f,8,,
54,Mitarbeiter_innen,38,,mitarbeiter_innen-erstmitglieder,"HZK Aktuell &#38;gt; Mitglieder &#38;gt; Mitarbeiter_innen",,,,Mitarbeiter_innen,Personnel,Personal,t,1,,
56,Geschäftsstelle,38,,geschaeftsstelle,"HZK Aktuell &#38;gt; Mitglieder &#38;gt; Geschäftsstelle",,,,Geschäftsstelle,Management,Administración,t,2,,
85,Sekretariat,69,,none,"HZK Aktuell &#38;gt; Funktion &#38;gt; Sekretariat",,,,Sekretariat,"Administration Office",Secretariado,f,5,,
82,Direktorium,69,,direktorium,"HZK Aktuell &#38;gt; Funktion &#38;gt; Direktorium",,,,Direktorium,"Executive Board","Junta Ejecutiva",f,0,,
8,"Bild &#38; Handlung",6,"Ausgehend von Anwendungssituationen der medizinischen Praxis sowie vergleichbarer Kontexte untersucht der Schwerpunkt aus einer interdisziplinären Perspektive die spezifischen Formen und Einsatzweisen von Bildtechnologien, die zur Unterstützung und Anleitung von Operationen eingesetzt und mit diesen verschaltet werden.",bild-handlung,"HZK Aktuell &#38;gt; Forschung &#38;gt; Bild &#38; Handlung","Ausgehend von Anwendungssituationen der medizinischen Praxis sowie vergleichbarer Kontexte untersucht der Schwerpunkt aus einer interdisziplinären Perspektive die spezifischen Formen und Einsatzweisen von Bildtechnologien, die zur Unterstützung und Anleitung von Operationen eingesetzt und mit diesen verschaltet werden.","Taking as its starting point applications in medical practice and comparable contexts and adopting an interdisciplinary angle, this priority area will investigate the specific forms and uses of image technologies that are deployed to support and guide operations and are in a relationship of mutual interdependence with them.","Partiendo de situaciones de aplicación dentro del ejercicio de la medicina y contextos similares, el tema principal investiga, desde un punto de vista interdisciplinario, las formas y modos de aplicación específicos de las tecnologías visuales que se emplean como ayuda y guía en operaciones y, por lo tanto, se asocian con estos procesos.","Bild &#38; Handlung","Image &#38; Action","Imagen y tratamiento",t,0,/content/schwerpunkt-bild-handlung/,
12,"Active Matter",6,"Kernfrage des Schwerpunkts ist das Verhältnis von intrinsischem und extrinsischem Code im Kontext von aktiven Materialien, die in der gegenwärtigen Materialforschung eine zentrale Rolle spielen. Eine der zentralen Herausforderungen liegt darin, codiertes Material und die es umgebenden Zustände nicht nur als mechanisches, sondern als informatisches Gefüge zu beschreiben.",active-matter,"HZK Aktuell &#38;gt; Forschung &#38;gt; Active Matter","Kernfrage des Schwerpunkts ist das Verhältnis von intrinsischem und extrinsischem Code im Kontext von aktiven Materialien, die in der gegenwärtigen Materialforschung eine zentrale Rolle spielen. Eine der zentralen Herausforderungen liegt darin, codiertes Material und die es umgebenden Zustände nicht nur als mechanisches, sondern als informatisches Gefüge zu beschreiben.","The core issue for this priority area is the relationship between intrinsic and extrinsic code in the context of active materials that play a key role in materials research today. One of its key challenges is to describe encoded material and the surrounding conditions as both a mechanical and an informational structure.","La pregunta clave del tema principal gira entorno a la relacióndel código intrínseco y extrínseco en el contexto de materiales activos que juegan un papel principal dentro de la investigación actual de materiales. Uno de los desafíos principales radica en describir el material codificado y sus circunstancias no solo como un conjunto mecánico, sino también como conjunto informático.","Active Matter",,,t,2,/de/content/schwerpunkt-active-matter/,
50,Alumni,37,,alumni,"BWG Aktuell &#38;gt; Mitglieder &#38;gt; Alumni",,,,Alumni,,Exalumnos,t,11,,
14,"Architekturen des Wissens",6,"Zentraler Gegenstand des Schwerpunktes ist die Experimentalisierung von architektonischem Raum und Prozessen der Interdisziplinären Forschung. Untersucht werden der operative Charakter von Räumen, prozessuale Wissensarchitekturen im Physischen und Virtuellen, Räume von Praktiken, Formen der Sichtbarkeit im physischen und virtuellen Raum und kollaborative Arbeitsformen und interaktive Spielräume.",architekturen-des-wissens,"HZK Aktuell &#38;gt; Forschung &#38;gt; Architekturen des Wissens","Zentraler Gegenstand des Schwerpunktes ist die Experimentalisierung von architektonischem Raum und Prozessen der Interdisziplinären Forschung. Untersucht werden der operative Charakter von Räumen, prozessuale Wissensarchitekturen im Physischen und Virtuellen, Räume von Praktiken, Formen der Sichtbarkeit im physischen und virtuellen Raum und kollaborative Arbeitsformen und interaktive Spielräume.","The central focus for this priority area is the experimentalisation of architectural space and processes in interdisciplinary research. It will examine the operational character of spaces, processual knowledge architectures in physical and virtual contexts, spaces where practice takes place, and forms of visibility in physical and virtual spaces, as well as collaborative forms of working and interactive spaces.","El tema principal trata básicamente de la experimentalización del espacio arquitectónico y los procesos interdisciplinarios de la investigación. Se estudia el carácter operativo de los espacios, arquitecturas de conocimientos procesales tanto en el ámbito físico como virtual, espacios de prácticas, formas de visibilidad en espacios físicos y virtuales y formas de trabajo de carácter colaborativo y campos de actuación interactivos.","Architekturen des Wissens","Architectures of Knowledge","Arquitecturas del conocimiento",t,3,/content/schwerpunkt-architekturen-des-wissens/,
9,"Formprozess &#38; Modellierung",5,"Der Schwerpunkt »Formprozess und Modellierung« widmet sich den verschiedenartigen Voraussetzungen und Prozessen der Formbildung und Formveränderung in Natur und Kultur sowie dem Verhältnis von Form und Modell, die im Hinblick auf intrinsische und extrinsische Faktoren von Gestaltung und auf ihre funktionale und historische Bedingtheit hin erforscht werden. Vor diesem Hintergrund werden die Analyse der Qualität von Formen sowie die Bedingungen ihrer Entstehung, ebenso wie die Wechselwirkungen zwischen Form, ihrem Werden und ihrer Wahrnehmung in den Blick genommen. Dabei werden neben kognitiven Prozessen gleichermaßen subpersonale Prozesse berücksichtigt, in denen der menschliche Körper in motorischer Resonanz und habitualisierter Prägung an der Formbildung und Formwahrnehmung mitwirkt. Die diversen Formen der Produktion, Anwendung und Bewertung werden im Sinne eines gestalterischen Wissens wie auch im Hinblick auf die in den Wissenschaften eingesetzten Modelle und Instrumente untersucht. Da jede Wissensform eine Darstellung ist, die sich durch ihre Gestalt ausdrückt, bildet der Schwerpunkt »Formprozess und Modellierungen« eine Grundlage des Exzellenzclusters Bild Wissen Gestaltung.",formprozess-modellierung,"BWG Aktuell &#38;gt; Forschung &#38;gt; Formprozess &#38; Modellierung","Der Schwerpunkt »Formprozess und Modellierung« widmet sich den verschiedenartigen Voraussetzungen und Prozessen der Formbildung und Formveränderung in Natur und Kultur sowie dem Verhältnis von Form und Modell, die im Hinblick auf intrinsische und extrinsische Faktoren von Gestaltung und auf ihre funktionale und historische Bedingtheit hin erforscht werden. Vor diesem Hintergrund werden die Analyse der Qualität von Formen sowie die Bedingungen ihrer Entstehung, ebenso wie die Wechselwirkungen zwischen Form, ihrem Werden und ihrer Wahrnehmung in den Blick genommen. Dabei werden neben kognitiven Prozessen gleichermaßen subpersonale Prozesse berücksichtigt, in denen der menschliche Körper in motorischer Resonanz und habitualisierter Prägung an der Formbildung und Formwahrnehmung mitwirkt. Die diversen Formen der Produktion, Anwendung und Bewertung werden im Sinne eines gestalterischen Wissens wie auch im Hinblick auf die in den Wissenschaften eingesetzten Modelle und Instrumente untersucht. Da jede Wissensform eine Darstellung ist, die sich durch ihre Gestalt ausdrückt, bildet der Schwerpunkt »Formprozess und Modellierungen« eine Grundlage des Exzellenzclusters Bild Wissen Gestaltung.","This priority area will focus on the disparate conditions and processes at work in the development and evolution of form in nature and culture, and the relationship between form and model. Its analysis will centre on intrinsic and extrinsic factors in design and their functional and historical conditionality.","El tema principal se centra en los distintos procesos y condiciones de la creación y alteración de formas en la naturaleza y la cultura, así como en la relación de la forma y el modelo que se analizan respecto a los factores intrínsecos y extrínsecos de Gestaltung y a su limitación histórica y funcional.","Formprozess &#38; Modellierung","Process of Form and Modeling","Proceso de forma &#38; Modelación",t,1,/content/schwerpunkt-formprozess-modellierung/,
62,"Tieranatomisches Theater",4,"Das 1790 erbaute Tieranatomische Theater ist das älteste erhaltene Lehrgebäude Berlins und ein Meisterwerk des preußischen Frühklassizismus. Es wird seit 2013 vom Hermann von Helmholtz-Zentrum für Kulturtechnik als Raum für Ausstellungen mit Laborcharakter betrieben. Ausgehend von Forschung und Lehre an der Humboldt-Universität zu Berlin sind die Projekte der interdisziplinären Erforschung materieller Wissenskulturen und neuen Praktiken des Ausstellens gewidmet.",tieranatomisches-theater,"BWG Aktuell &#38;gt; Tieranatomisches Theater","Das 1790 erbaute Tieranatomische Theater ist das älteste erhaltene Lehrgebäude Berlins und ein Meisterwerk des preußischen Frühklassizismus. Es wird seit 2013 vom Hermann von Helmholtz-Zentrum für Kulturtechnik als Raum für Ausstellungen mit Laborcharakter betrieben. Ausgehend von Forschung und Lehre an der Humboldt-Universität zu Berlin sind die Projekte der interdisziplinären Erforschung materieller Wissenskulturen und neuen Praktiken des Ausstellens gewidmet.","Built in 1790, the Tieranatomisches Theater (Veterinary Anatomy Theatre) is the oldest still existing academic building in Berlin. Since 2013, the Hermann von Helmholtz-Zentrum für Kulturtechnik operates the Tieranatomisches Theater as an experimental exhibition space. Based on research and teaching at the Humboldt-Universität, the projects are dedicated to an interdisciplinary investigation of material cultures of knowledge and to new practices in displaying them.",,"Tieranatomisches Theater",,,t,0,,
32,Kooperationen,4,,kooperationen,"BWG Aktuell &#38;gt; Kooperationen",,,,Kooperationen,,,t,0,,
15,"Sammeln &#38; Ausstellen",5,"Das Zeigen von materiellen Dingen ist ein wichtiger Bestandteil der Geschichte moderner Universitäten. Genauso, wie sich das Wissen über Objekte laufend verändert, muss auch die Praxis des Zeigens immer wieder in Frage gestellt werden. Der Forschungsschwerpunkt verbindet die Geschichte wissenschaftlicher Sammlungen, die Theorie und Kulturtechnik des Sammelns und Ausstellens mit aktuellen Herausforderungen der Forschung und Wissenschaftskommunikation.",sammeln-ausstellen,"BWG Aktuell &#38;gt; Forschung &#38;gt; Sammeln &#38; Ausstellen","Das Zeigen von materiellen Dingen ist ein wichtiger Bestandteil der Geschichte moderner Universitäten. Genauso, wie sich das Wissen über Objekte laufend verändert, muss auch die Praxis des Zeigens immer wieder in Frage gestellt werden. Der Forschungsschwerpunkt verbindet die Geschichte wissenschaftlicher Sammlungen, die Theorie und Kulturtechnik des Sammelns und Ausstellens mit aktuellen Herausforderungen der Forschung und Wissenschaftskommunikation.","The exhibiting of material objects is an important element in the history of modern universities. Just as knowledge about objects is continually evolving, the practice of exhibiting must also be constantly questioned. This priority area will link the history of scientific and academic collections, the theory and cultural technique of collecting and exhibiting with the challenges facing research and science communication today.","La exposición de objetos materiales es una parte esencial de la historia de la universidad moderna. Al igual que los conocimientos relativos a los objetos cambian continuamente, tampoco deberíamos dejar de cuestionar la práctica de la exposición. El tema principal de investigación conecta la historia de colecciones científicas, la teoría y la técnica cultural de la colección y la exposición con desafíos contemporáneos","Sammeln &#38; Ausstellen","Collecting &#38; Exhibiting","Coleccionar &#38; Presentar",t,4,/content/schwerpunkt-sammeln-ausstellen/,
97,"Über uns",3,"Das Hermann von Helmholtz-Zentrum für Kulturtechnik (HZK) ist ein Zentralinstitut der Humboldt-Universität zu Berlin (HU). In seiner interdisziplinären Ausrichtung verbindet es projektbezogene Forschung und widmet sich der Geschichte und Gestaltung von Kulturtechniken im Sinne kultureller Praktiken für die Erzeugung, Übertragung und Verarbeitung von Wissen. Das HZK entwickelt Formate zur Nutzung von Infrastrukturen für Ausstellungen, Sammlungen und interdisziplinärer Forschung und Lehre. Es begreift wissenschaftliche Sammlungen, Wissensarchitekturen und Gestaltungsformen als Kulturtechniken des interdisziplinären Wissens, die es reflektiert und für eine fächerübergreifende Zusammenarbeit erschließt.ForschungsschwerpunkteDie Schwerpunkte für interdisziplinäre Forschung und Lehre am HZK umfassen Fragestellungen zu »Bild &#38; Handlung«, »Formprozess &#38; Modellierung«, »Active Matter«, »Architekturen des Wissens« und »Sammeln &#38; Ausstellen«. Humboldt-LaborIn der historischen Mitte Berlins entsteht ein neues kulturelles Zentrum, das sich dem internationalen Austausch von Wissen und dem Dialog der Kulturen der Welt verpflichtet: Das Humboldt Forum im wieder errichteten Berliner Schloss. Das HZK eröffnet für die Humboldt-Universität zu Berlin hier einen Raum, in dem neueste Perspektiven der Wissenschaft auf drängende Fragen der Gesellschaft vorgestellt und diskutiert werden: das Humboldt-Labor.Tieranatomisches TheaterDas HZK entwickelt den historischen Raum des Tieranatomischen Theaters (TA T) als öffentliche Kultureinrichtung mit Laborcharakter weiter. Kernaufgabe ist die experimentelle Entwicklung von Ausstellungs- und Veranstaltungsformaten. Ziele sind die Erprobung innovativer Praktiken des Ausstellungsmachens und die Ermöglichung von vielgestaltigen und kritischen Zugängen zu materiellen Wissenskulturen und wissenschaftlichen Sammlungen. Natur- und Geisteswissenschaften treten dafür in einen Austausch mit den künstlerisch-gestalterischen Disziplinen.Am TA T werden Kompetenzen für das Ausstellungsmachen zusammengeführt, geteilt und öffentlich vermittelt. Darunter fallen interdisziplinäre wie auch interkulturelle und genderbewusste Methoden und Positionen.Die daraus entstehenden Projekte eröffnen Perspektiven für die Museumsarbeit und bieten Forschung und Lehre Schnittstellen zur Öffentlichkeit.Das Tieranatomische Theater bietet Sammlungen der Humboldt-Universität ein Objektlabor für die angewandte Sammlungsforschung.SammlungenAn der Humboldt-Universität existieren über 40 historisch gewachsene Sammlungen, die in den jeweiligen Instituten dezentral betreut und als Forschungs- und Lehrinfrastrukturen genutzt werden. Das HZK koordiniert die Sammlungsentwicklung und führt sammlungsübergreifende Erschließungsprojekte, Lehrveranstaltungen, Forschungs- und Ausstellungsprojekte durch. Das Interesse gilt dabei insbesondere der Entwicklung der materiellen Kulturen der Wissenschaften, den damit verbundenen Erinnerungskulturen und Identitätspolitiken sowie dem Verhältnis von materiellen und digitalen Wissensarchitekturen.",ueber-uns,"HZK Aktuell &#38;gt; Über uns","Das Hermann von Helmholtz-Zentrum für Kulturtechnik (HZK) ist ein Zentralinstitut der Humboldt-Universität zu Berlin (HU). In seiner interdisziplinären Ausrichtung verbindet es projektbezogene Forschung und widmet sich der Geschichte und Gestaltung von Kulturtechniken im Sinne kultureller Praktiken für die Erzeugung, Übertragung und Verarbeitung von Wissen. Das HZK entwickelt Formate zur Nutzung von Infrastrukturen für Ausstellungen, Sammlungen und interdisziplinärer Forschung und Lehre. Es begreift wissenschaftliche Sammlungen, Wissensarchitekturen und Gestaltungsformen als Kulturtechniken des interdisziplinären Wissens, die es reflektiert und für eine fächerübergreifende Zusammenarbeit erschließt.ForschungsschwerpunkteDie Schwerpunkte für interdisziplinäre Forschung und Lehre am HZK umfassen Fragestellungen zu »Bild &#38; Handlung«, »Formprozess &#38; Modellierung«, »Active Matter«, »Architekturen des Wissens« und »Sammeln &#38; Ausstellen«. Humboldt-LaborIn der historischen Mitte Berlins entsteht ein neues kulturelles Zentrum, das sich dem internationalen Austausch von Wissen und dem Dialog der Kulturen der Welt verpflichtet: Das Humboldt Forum im wieder errichteten Berliner Schloss. Das HZK eröffnet für die Humboldt-Universität zu Berlin hier einen Raum, in dem neueste Perspektiven der Wissenschaft auf drängende Fragen der Gesellschaft vorgestellt und diskutiert werden: das Humboldt-Labor.Tieranatomisches TheaterDas HZK entwickelt den historischen Raum des Tieranatomischen Theaters (TA T) als öffentliche Kultureinrichtung mit Laborcharakter weiter. Kernaufgabe ist die experimentelle Entwicklung von Ausstellungs- und Veranstaltungsformaten. Ziele sind die Erprobung innovativer Praktiken des Ausstellungsmachens und die Ermöglichung von vielgestaltigen und kritischen Zugängen zu materiellen Wissenskulturen und wissenschaftlichen Sammlungen. Natur- und Geisteswissenschaften treten dafür in einen Austausch mit den künstlerisch-gestalterischen Disziplinen.Am TA T werden Kompetenzen für das Ausstellungsmachen zusammengeführt, geteilt und öffentlich vermittelt. Darunter fallen interdisziplinäre wie auch interkulturelle und genderbewusste Methoden und Positionen.Die daraus entstehenden Projekte eröffnen Perspektiven für die Museumsarbeit und bieten Forschung und Lehre Schnittstellen zur Öffentlichkeit.Das Tieranatomische Theater bietet Sammlungen der Humboldt-Universität ein Objektlabor für die angewandte Sammlungsforschung.SammlungenAn der Humboldt-Universität existieren über 40 historisch gewachsene Sammlungen, die in den jeweiligen Instituten dezentral betreut und als Forschungs- und Lehrinfrastrukturen genutzt werden. Das HZK koordiniert die Sammlungsentwicklung und führt sammlungsübergreifende Erschließungsprojekte, Lehrveranstaltungen, Forschungs- und Ausstellungsprojekte durch. Das Interesse gilt dabei insbesondere der Entwicklung der materiellen Kulturen der Wissenschaften, den damit verbundenen Erinnerungskulturen und Identitätspolitiken sowie dem Verhältnis von materiellen und digitalen Wissensarchitekturen.",,,"Über uns","About us",,f,0,,
13,"Architekturen des Wissens",5,"Zentraler Gegenstand des Schwerpunktes ist die Experimentalisierung von Räumen und Prozessen der interdisziplinären Forschung. Untersucht werden der operative Charakter von Räumen, prozessuale Wissensarchitekturen im Physischen und Virtuellen, Räume von Praktiken, Formen der Sichtbarkeit im physischen und virtuellen Raum und kollaborative Arbeitsformen und interaktive Spielräume.",architekturen-des-wissens,"BWG Aktuell &#38;gt; Forschung &#38;gt; Architekturen des Wissens","Zentraler Gegenstand des Schwerpunktes ist die Experimentalisierung von Räumen und Prozessen der interdisziplinären Forschung. Untersucht werden der operative Charakter von Räumen, prozessuale Wissensarchitekturen im Physischen und Virtuellen, Räume von Praktiken, Formen der Sichtbarkeit im physischen und virtuellen Raum und kollaborative Arbeitsformen und interaktive Spielräume.","The central focus for this priority area is the experimentalisation of space and processes in interdisciplinary research. It will examine the operational character of spaces, processual knowledge architectures in physical and virtual contexts, spaces where practice takes place, and forms of visibility in physical and virtual spaces, as well as collaborative forms of working and interactive spaces.","El tema principal trata básicamente de la experimentalización del espacio y los procesos interdisciplinarios de la investigación. Se estudia el carácter operativo de los espacios, arquitecturas de conocimientos procesales tanto en el ámbito físico como virtual, espacios de prácticas, formas de visibilidad en espacios físicos y virtuales y formas de trabajo de carácter colaborativo y campos de actuación interactivos.","Architekturen des Wissens","Architectures of Knowledge","Architecturas de Conocimiento",t,3,/content/schwerpunkt-architekturen-des-wissens/,
63,"Tieranatomisches Theater",3,"Das 1790 erbaute Tieranatomische Theater ist das älteste erhaltene Lehrgebäude Berlins und ein Meisterwerk des preußischen Frühklassizismus. Es wird seit 2013 vom Hermann von Helmholtz-Zentrum für Kulturtechnik als Raum für Ausstellungen mit Laborcharakter betrieben. Ausgehend von Forschung und Lehre an der Humboldt-Universität zu Berlin sind die Projekte der interdisziplinären Erforschung materieller Wissenskulturen und neuen Praktiken des Ausstellens gewidmet.",tieranatomisches-theater,"HZK Aktuell &#38;gt; Tieranatomisches Theater","Das 1790 erbaute Tieranatomische Theater ist das älteste erhaltene Lehrgebäude Berlins und ein Meisterwerk des preußischen Frühklassizismus. Es wird seit 2013 vom Hermann von Helmholtz-Zentrum für Kulturtechnik als Raum für Ausstellungen mit Laborcharakter betrieben. Ausgehend von Forschung und Lehre an der Humboldt-Universität zu Berlin sind die Projekte der interdisziplinären Erforschung materieller Wissenskulturen und neuen Praktiken des Ausstellens gewidmet.","Built in 1790, the Tieranatomisches Theater (Veterinary Anatomy Theatre) is the oldest still existing academic building in Berlin. Since 2013, the Hermann von Helmholtz-Zentrum für Kulturtechnik operates the Tieranatomisches Theater as an experimental exhibition space. Based on research and teaching at the Humboldt-Universität, the projects are dedicated to an interdisciplinary investigation of material cultures of knowledge and to new practices in displaying them.",,"Tieranatomisches Theater",,,t,0,,
96,"Über uns",4,"Komplexe Probleme lassen sich nicht in den Grenzen eines einzelnen wissenschaftlichen Fachs lösen. Sie bedürfen des Wissens und der Fähigkeiten von Forschenden aus den unterschiedlichen Wissenschaftsbereichen: Seit 2012 erforschen an der Humboldt-Universität zu Berlin mehr als 40 verschiedene Disziplinen im Interdisziplinären Labor »Bild Wissen Gestaltung« grundlegende Gestaltungsprozesse der Wissenschaften. Hierdurch sollen im Rückschluss auch die Disziplinen selbst gestärkt und bereichert werden. Das Interdisziplinäre Labor ist ein Zusammenschluss aus Geistes-, Natur- und Technikwissenschaften, der Medizin und – erstmalig für Grundlagenforschung – auch der Gestaltungsdisziplinen Design und Architektur. BILDBilder haben aktiven Charakter in der Produktion von Wissen, übersteigen die Sphäre bloßer Artefakte des Menschen und bilden auch eine essentielle Sphäre in den Prozessen der Natur. Diesem weitgefassten Bildverständnis schließt sich das Interdisziplinäre Labor an. Das Spektrum seiner Forschung umfasst Gegenstände, Räume, Strukturen, Bewegungsformen und Klänge. In Projekten wird untersucht, wie diese Bildformen das Wissen, das sie darstellen, aktiv mitgestalten.WISSENErzeugung, Übertragung und Speicherung von Wissen werden durch Architektur, Medien und Werkzeuge, Strukturen und Modelle, Informationsmittel und Bilder geprägt. Von der Laboranordnung bis zum Seminarraum, von der chemischen Formel bis zum Theoriegebäude — Wissenschaft ist Gestaltung. Durch neue Verfahren der Virtualisierung und Vernetzung von Daten und der digitalen Bildgebung steht die Forschung vor neuen Herausforderungen. Welches gestalterische Potential steckt im Wissen? Historische Reflexion und Innovation bilden zwei Seiten desselben Zusammenhanges.GESTALTUNGBildgebung und Wissenserzeugung sind gestalterische Praktiken. Sie beeinflussen Wahrnehmung, Denken und Handeln. Das Interdisziplinäre Labor ist von der Überzeugung getragen, gestalterische Prozesse in der technisch hochgerüsteten Wissensgesellschaft als genuine Forschungsleistung zu begreifen und die Forschung ihrerseits als Gestaltungsprozess ernst zu nehmen. Auf dieser Basis, Gestaltung als Materialisierung und Realisierung des Wissens zu untersuchen, verknüpft Bild Wissen Gestaltung Grundlagenforschung und deren Anwendung.",ueber-uns,"BWG Aktuell &#38;gt; Über uns","Komplexe Probleme lassen sich nicht in den Grenzen eines einzelnen wissenschaftlichen Fachs lösen. Sie bedürfen des Wissens und der Fähigkeiten von Forschenden aus den unterschiedlichen Wissenschaftsbereichen: Seit 2012 erforschen an der Humboldt-Universität zu Berlin mehr als 40 verschiedene Disziplinen im Interdisziplinären Labor »Bild Wissen Gestaltung« grundlegende Gestaltungsprozesse der Wissenschaften. Hierdurch sollen im Rückschluss auch die Disziplinen selbst gestärkt und bereichert werden. Das Interdisziplinäre Labor ist ein Zusammenschluss aus Geistes-, Natur- und Technikwissenschaften, der Medizin und – erstmalig für Grundlagenforschung – auch der Gestaltungsdisziplinen Design und Architektur. BILDBilder haben aktiven Charakter in der Produktion von Wissen, übersteigen die Sphäre bloßer Artefakte des Menschen und bilden auch eine essentielle Sphäre in den Prozessen der Natur. Diesem weitgefassten Bildverständnis schließt sich das Interdisziplinäre Labor an. Das Spektrum seiner Forschung umfasst Gegenstände, Räume, Strukturen, Bewegungsformen und Klänge. In Projekten wird untersucht, wie diese Bildformen das Wissen, das sie darstellen, aktiv mitgestalten.WISSENErzeugung, Übertragung und Speicherung von Wissen werden durch Architektur, Medien und Werkzeuge, Strukturen und Modelle, Informationsmittel und Bilder geprägt. Von der Laboranordnung bis zum Seminarraum, von der chemischen Formel bis zum Theoriegebäude — Wissenschaft ist Gestaltung. Durch neue Verfahren der Virtualisierung und Vernetzung von Daten und der digitalen Bildgebung steht die Forschung vor neuen Herausforderungen. Welches gestalterische Potential steckt im Wissen? Historische Reflexion und Innovation bilden zwei Seiten desselben Zusammenhanges.GESTALTUNGBildgebung und Wissenserzeugung sind gestalterische Praktiken. Sie beeinflussen Wahrnehmung, Denken und Handeln. Das Interdisziplinäre Labor ist von der Überzeugung getragen, gestalterische Prozesse in der technisch hochgerüsteten Wissensgesellschaft als genuine Forschungsleistung zu begreifen und die Forschung ihrerseits als Gestaltungsprozess ernst zu nehmen. Auf dieser Basis, Gestaltung als Materialisierung und Realisierung des Wissens zu untersuchen, verknüpft Bild Wissen Gestaltung Grundlagenforschung und deren Anwendung.","Complex problems cannot be solved within the boundaries of a single academic discipline. They require the knowledge and skills of researchers from different fields of knowledge: representatives from more than 40 different disciplines have been researching fundamental design processes in the sciences in the Interdisciplinary Laboratory Image Knowledge Gestaltung at the Humboldt-Universität zu Berlin since 2012. The Interdisciplinary Laboratory brings together the humanities, the natural sciences and engineering sciences, medicine and – for the first time in basic research – design and architecture, with the objective to strengthen and enrich each discipline through interdisciplinary collaboration.IMAGE There are many views on how to define what an image is. For the architectural theorist Leon Battista Alberti (1404–1472), an image is not just the image’s surface, but essentially everything that human beings create with minimal intervention. This broad concept of the image is one adopted by the Interdisciplinary Laboratory Image Knowledge Gestaltung. The spectrum of its research includes objects, spaces, structures, forms of motion, and sounds. Each project investigates how these image-forms actively shape the knowledge that they represent.KNOWLEDGE Since the beginning of time, the production, transmission, and storage of knowledge has been influenced by architecture, media and tools, structures and models, information channels, and images. From the layout of laboratories to the seminar room, from chemical formulas to theoretical systems – knowledge is a historically determined form of design. New processes in data virtualisation and networking as well as digital imaging processes pose new challenges for research. The question of how much creative potential lies in a body of knowledge – which is historically contingent – can and must be addressed through critical examination of the past. Historical reflection and innovation are two sides of the same coin. GESTALTUNGImaging and knowledge generation share many characteristics as practices: they influence perception, thought, and action. The Cluster takes the stance that creative processes make a real contribution to research in a technologically advanced knowledge society, and that research on its part should give creative processes due recognition. Examining design as the materialisation and realisation of knowledge – this is the foundation to bridge basic research and application.","Los problemas complejos no pueden resolverse dentro de los límites de una sola disciplina científica. Requieren del conocimiento y las habilidades de investigadoras e investigadores provenientes de diferentes áreas científicas. En el Laboratorio Interdisciplinario Imagen Conocimiento Gestaltung, perteneciente a la Humboldt-Universität zu Berlin, más de 40 disciplinas diferentes investigan desde 2012 los procesos elementales de diseño del conocimiento científico, para reforzar y enriquecerse mutuamente. El Laboratorio Interdisciplinario representa la unión de ciencias humanísticas, naturales y técnicas, así como de ciencias médicas y, ahora por primera vez en la investigación, también de disciplinas de Gestaltung, como el diseño y la arquitectura. IMAGENPara definir lo que es una imagen se puede recurrir a múltiples perspectivas. Para el teórico de la arquitectura, Leon Battista Alberti (1404 – 1472), una imagen no solo era una superficie gráfica, sino básicamente todo aquello que los seres humanos crean con una mínima intervención. A esta dilatada comprensión de la imagen se adhiere el Laboratorio Interdisciplinario Imagen Conocimiento Gestaltung. El espectro de sus trabajos de investigación abarca objetos, espacios, estructuras, formas de movimiento y sonidos. En los Proyectos Base se analiza cómo esas formas de la imagen contribuyen activamente a conformar el conocimiento que representan. CONOCIMIENTO Desde siempre la producción, transmisión y almacenamiento del conocimiento han estado acuñados por la arquitectura, los medios y las herramientas, las estructuras y los modelos, los medios de información y las imágenes. Desde la disposición en los laboratorios hasta la sala para seminarios, desde las fórmulas químicas hasta las estructuras teóricas – la ciencia es Gestaltung condicionado por la historia. Los nuevos procedimientos, tanto en el ámbito de la virtualización y la interconexión de los datos, como en la producción de imágenes digitales, plantean nuevos retos a la investigación. La cuestión del potencial creativo que alberga el conocimiento, en parte acuñado históricamente, puede y debe ser considerado críticamente. La reflexión histórica y la innovación son dos caras de una misma moneda. GESTALTUNG La creación de imágenes y la producción de conocimientos son prácticas conjuntas que determinan la percepción y la forma de pensar y de actuar. La postura del Clúster se fundamenta en entender los procesos de creación, en la sociedad científica altamente tecnificada, como una genuina capacidad de investigación y, a su vez, de tomar en serio la investigación como proceso de creación. Es sobre esta base, la de analizar Gestaltung como materialización y realización del conocimiento, que el Clúster enlaza la investigación básica con la aplicación.","Über uns","About us","Acerca nosotros",f,0,,
84,Geschäftsführung,69,,geschftsfhrung,"HZK Aktuell &#38;gt; Funktion &#38;gt; Geschäftsführung",,,,Geschäftsführung,"Executive Management","Dirección Ejecutiva",f,2,,
108,"Leitung PR &#38; Fundraising",79,,leitung-pr-fundraising,"BWG Aktuell &#38;gt; Funktion &#38;gt; Public Relations &#38; Fundraising &#38;gt; Leitung PR &#38; Fundraising",,,,"Leitung PR &#38; Fundraising",,,f,0,,
89,Podcasts,3,,podcasts,"HZK AKTUELL &#38;gt; Podcasts",,,,Podcasts,,,t,0,,
16,"Sammeln &#38; Ausstellen",6,"Der Forschungsschwerpunkt begreift Sammeln und Ausstellen als Kulturtechniken, die mit sehr spezifischen Formen der Wissensproduktion verbunden sind. Dies gilt gleichermaßen für analoge, dingbasierte Praktiken, die sich seit den Wunderkammern der Renaissance etabliert und vor allem im Museum institutionalisiert haben, wie für heutige digitale Medientechniken, die dringender denn je die Frage nach der Struktur und Bedeutung des (An-)Gesammelten und möglichen Präsentationsformen aufwerfen",sammeln-ausstellen,"HZK Aktuell &#38;gt; Forschung &#38;gt; Sammeln &#38; Ausstellen","Der Forschungsschwerpunkt begreift Sammeln und Ausstellen als Kulturtechniken, die mit sehr spezifischen Formen der Wissensproduktion verbunden sind. Dies gilt gleichermaßen für analoge, dingbasierte Praktiken, die sich seit den Wunderkammern der Renaissance etabliert und vor allem im Museum institutionalisiert haben, wie für heutige digitale Medientechniken, die dringender denn je die Frage nach der Struktur und Bedeutung des (An-)Gesammelten und möglichen Präsentationsformen aufwerfen",,,"Sammeln &#38; Ausstellen","Collecting &#38; Exhibiting","Coleccionar &#38; Exponer",t,4,/content/schwerpunkt-sammeln-ausstellen/,
11,"Active Matter",5,"Kernfrage des Schwerpunkts ist das Verhältnis von intrinsischem und extrinsischem Code im Kontext von aktiven Materialien, die in der gegenwärtigen Materialforschung eine zentrale Rolle spielen. Eine der zentralen Herausforderungen liegt darin, codiertes Material und die es umgebenden Zustände nicht nur als mechanisches, sondern als informatisches Gefüge zu beschreiben.",active-matter,"BWG Aktuell &#38;gt; Forschung &#38;gt; Active Matter","Kernfrage des Schwerpunkts ist das Verhältnis von intrinsischem und extrinsischem Code im Kontext von aktiven Materialien, die in der gegenwärtigen Materialforschung eine zentrale Rolle spielen. Eine der zentralen Herausforderungen liegt darin, codiertes Material und die es umgebenden Zustände nicht nur als mechanisches, sondern als informatisches Gefüge zu beschreiben.","The core issue for this priority area is the relationship between intrinsic and extrinsic code in the context of active materials that play a key role in materials research today. One of its key challenges is to describe encoded material and the surrounding conditions as both a mechanical and an informational structure.","La pregunta clave del tema principal gira entorno a la relacióndel código intrínseco y extrínseco en el contexto de materiales activos que juegan un papel principal dentro de la investigación actual de materiales. Uno de los desafíos principales radica en describir el material codificado y sus circunstancias no solo como un conjunto mecánico, sino también como conjunto informático.","Active Matter",,"Active Matter",t,2,/de/content/schwerpunkt-active-matter/,
100,"Referentin der Geschäftsführung",73,,referentin-der-geschaeftsfuehrung,"BWG Aktuell &#38;gt; Funktion &#38;gt; Wissenschaftliche Geschäftsführung &#38;gt; Referentin der Geschäftsführung",,,,"Referentin der Geschäftsführung","Consultant to executive Manager",,f,0,,
151,"Koordinierungsstelle für Universitätssammlungen in Deutschland",69,,koordinierungsstelle-fr-universittssammlungen-in-deutschland,"HZK Aktuell &#38;gt; Funktion &#38;gt; Koordinierungsstelle für Universitätssammlungen in Deutschland",,,,"Koordinierungsstelle für Universitätssammlungen in Deutschland",,,f,7,,
101,"Administrative Geschäftsführung",76,,administrative-geschaeftsfuehrung,"BWG Aktuell &#38;gt; Funktion &#38;gt; Finanzen &#38; Personal &#38;gt; Administrative Geschäftsführung",,,,"Administrative Geschäftsführung",,,f,0,,
150,"Leitung Das Technische Bild",149,,leitung-das-technische-bild,"HZK Aktuell &#38;gt; Funktion &#38;gt; Das Technische Bild &#38;gt; Leitung Das Technische Bild",,,,"Leitung Das Technische Bild",,,f,-5,,
19,"Schülerinnen &#38; Schüler",17,,schlerinnen-schler,"BWG Aktuell &#38;gt; Nachwuchsförderung &#38;gt; Schülerinnen &#38; Schüler",,,,"Schülerinnen &#38; Schüler","Secondary School Students",Escolares,t,0,,
49,Geschäftsstelle,37,,geschaeftsstelle,"BWG Aktuell &#38;gt; Mitglieder &#38;gt; Geschäftsstelle",,,,Geschäftsstelle,Management,Administración,t,8,,
144,"Kuratorin Tieranatomisches Theater",142,,kuratorin-tieranatomisches-theater,"HZK Aktuell &#38;gt; Funktion &#38;gt; Tieranatomisches Theater &#38;gt; Kuratorin Tieranatomisches Theater",,,,"Kuratorin Tieranatomisches Theater",,,f,0,,
57,"Studentische Hilfskräfte",38,,studentische-hilfskraefte,"HZK Aktuell &#38;gt; Mitglieder &#38;gt; Studentische Hilfskräfte",,,,"Studentische Hilfskräfte","Student Assistants","Ayudantes Estudiantiles",t,3,,
131,"Zentrumsrat Professuren",83,,zentrumsrat-professsuren,"HZK Aktuell &#38;gt; Funktion &#38;gt; Zentrumsrat &#38;gt; Zentrumsrat Professuren",,,,"Zentrumsrat Professuren",,,f,0,,
5,Forschung,4,,forschung,"BWG Aktuell &#38;gt; Forschung",,,,Forschung,,,t,0,,
72,Schwerpunktleitung,68,,schwerpunktleitung,"BWG Aktuell &#38;gt; Funktion &#38;gt; Schwerpunktleitung",,,,Schwerpunktleitung,"Priority Area Leader","Dirección de Enfoques Centrales de Investigación",f,2,,
156,Ausstellungsteam,69,,ausstellungsteam,"HZK Aktuell &#38;gt; Funktion &#38;gt; Ausstellungsteam",,,,Ausstellungsteam,,,f,0,,
81,Sekretariat,68,,sekretariat,"BWG Aktuell &#38;gt; Funktion &#38;gt; Sekretariat",,,,Sekretariat,"Administration Office",Secretariado,f,10,,
58,"Labore und Bühnen",4,,labore-buehnen,"BWG Aktuell &#38;gt; Labore und Bühnen",,,,"Labore und Bühnen",,,t,0,,
77,Internationales,68,,internationales,"BWG Aktuell &#38;gt; Funktion &#38;gt; Internationales",,,,Internationales,,,f,6,,
83,Zentrumsrat,69,,zentrumsrat,"HZK Aktuell &#38;gt; Funktion &#38;gt; Zentrumsrat",,,,Zentrumsrat,"The HZK Council","Consejo del HZK",f,1,,
98,Praktikant_innen,38,,praktikanten,"HZK Aktuell &#38;gt; Mitglieder &#38;gt; Praktikant_innen",,,,Praktikant_innen,Trainees,"Personas en prácticas",t,4,,
155,DV-Beauftragter,88,,dv-beauftragter,"HZK Aktuell &#38;gt; Funktion &#38;gt; Frauenbeauftragte &#38;gt; DV-Beauftragter",,,,DV-Beauftragter,,,f,0,,
106,"Head of IT",78,,head-of-it,"BWG Aktuell &#38;gt; Funktion &#38;gt; IT &#38;gt; Head of IT",,,,"Head of IT","Head of IT","Dirección IT",f,0,,
99,Alumni,38,,alumni,"HZK Aktuell &#38;gt; Mitglieder &#38;gt; Alumni",,,,Alumni,Alumni,Exalumnos,t,5,,
153,IT,69,,hzk-it,"HZK Aktuell &#38;gt; Funktion &#38;gt; IT",,,,IT,IT,IT,f,3,,
